CustomerID,Recency,Frequency,Monetary,CustomerAge,R_Score,F_Score,M_Score,RFM_Score
12347,2,7,4310.0,367,5,5,5,555
12348,75,4,1797.24,358,2,4,4,244
12349,19,1,1757.55,19,4,1,4,414
12350,310,1,334.4,310,1,1,2,112
12352,36,8,1545.41,297,3,5,4,354
12353,204,1,89.0,204,1,1,1,111
12354,232,1,1079.4,232,1,1,4,114
12355,214,1,459.4,214,1,1,2,112
12356,23,3,2811.43,326,4,3,5,435
12357,33,1,6207.67,33,3,1,5,315
12358,2,2,1168.06,151,5,2,4,524
12359,58,4,6182.98,332,3,4,5,345
12360,52,3,2662.06,201,3,3,5,335
12361,287,1,189.9,287,1,1,1,111
12362,3,10,5154.58,296,5,5,5,555
12363,110,2,552.0,242,2,2,3,223
12364,8,4,1313.1,112,5,4,4,544
12365,291,2,320.69,291,1,2,2,122
12367,4,1,168.9,4,5,1,1,511
12370,51,4,3541.94,360,3,4,5,345
12371,45,2,1887.96,60,3,2,4,324
12372,72,3,1298.04,297,2,3,4,234
12373,311,1,364.6,311,1,1,2,112
12374,25,1,742.93,25,4,1,3,413
12375,11,2,455.42,98,5,2,2,522
12377,315,2,1628.12,355,1,2,4,124
12378,130,1,4008.62,130,2,1,5,215
12379,82,2,850.29,170,2,2,3,223
12380,22,4,2720.56,186,4,4,5,445
12381,5,5,1803.96,120,5,4,4,544
12383,185,5,1839.31,352,1,4,4,144
12384,29,2,566.16,122,4,2,3,423
12386,338,2,401.9,367,1,2,2,122
12388,16,6,2780.66,327,4,4,5,445
12390,80,1,549.84,80,2,1,3,213
12391,22,1,439.66,22,4,1,2,412
12393,72,4,1582.6,333,2,4,4,244
12394,64,2,1272.48,217,3,2,4,324
12395,19,12,2998.28,371,4,5,5,455
12397,36,2,2409.9,135,3,2,5,325
12398,46,1,1635.66,46,3,1,4,314
12399,119,4,1108.65,262,2,4,4,244
12401,303,1,84.3,303,1,1,1,111
12402,323,1,225.6,323,1,1,1,111
12403,50,1,409.7,50,3,1,2,312
12405,149,1,1710.39,149,2,1,4,214
12406,22,2,3280.75,184,4,2,5,425
12407,50,5,1708.12,264,3,4,4,344
12408,33,5,2842.57,260,3,4,5,345
12409,79,3,11056.93,183,2,3,5,235
12410,309,2,681.08,309,1,2,3,123
12412,75,3,1226.88,169,2,3,4,234
12413,67,3,694.15,337,3,3,3,333
12414,217,3,562.41,310,1,3,3,133
12415,24,21,123725.45,338,4,5,5,455
12417,3,9,3578.8,358,5,5,5,555
12418,113,1,668.58,113,2,1,3,213
12420,64,1,600.39,64,3,1,3,313
12421,16,4,806.27,319,4,4,3,443
12422,96,3,803.56,325,2,3,3,233
12423,1,8,1849.11,354,5,5,4,554
12424,163,2,1760.96,163,2,2,4,224
12425,78,1,777.2,78,2,1,3,213
12426,195,1,582.73,195,1,1,3,113
12427,22,3,708.37,372,4,3,3,433
12428,26,9,7877.2,284,4,5,5,455
12429,9,4,3750.4,366,5,4,5,545
12430,43,1,256.4,43,3,1,2,312
12431,36,15,6348.89,374,3,5,5,355
12432,43,5,5059.32,172,3,4,5,345
12433,1,7,13375.87,373,5,5,5,555
12434,85,2,765.19,260,2,2,3,223
12435,80,2,7829.89,268,2,2,5,225
12436,100,1,509.01,100,2,1,3,213
12437,2,18,4896.66,331,5,5,5,555
12438,14,2,2906.85,140,4,2,5,425
12441,367,1,173.55,367,1,1,1,111
12442,3,1,172.06,3,5,1,1,511
12444,21,5,5005.46,171,4,4,5,445
12445,22,1,133.4,22,4,1,1,411
12446,58,1,1002.31,58,3,1,4,314
12447,243,1,476.49,243,1,1,2,112
12448,44,1,449.45,44,3,1,2,312
12449,22,4,4067.29,187,4,4,5,445
12450,156,2,197.88,173,2,2,1,221
12451,11,5,8933.52,325,5,4,5,545
12452,17,2,428.57,17,4,2,2,422
12453,134,1,707.09,134,2,1,3,213
12455,73,6,2466.86,297,2,4,5,245
12456,44,3,3153.89,255,3,3,5,335
12457,66,7,1917.78,239,3,5,4,354
12458,71,2,947.4,285,3,2,4,324
12461,94,2,826.88,155,2,2,3,223
12462,19,2,1124.01,303,4,2,4,424
12463,53,4,1303.63,242,3,4,4,344
12464,10,8,1212.05,309,5,5,4,554
12465,17,2,733.89,169,4,2,3,423
12468,188,2,724.04,316,1,2,3,123
12471,2,30,18705.52,365,5,5,5,555
12472,32,7,6229.48,369,4,5,5,455
12473,29,5,2837.73,192,4,4,5,445
12474,17,18,7064.77,330,4,5,5,455
12475,54,1,723.38,54,3,1,3,313
12476,16,11,6546.58,361,4,5,5,455
12477,23,6,13117.01,302,4,4,5,445
12478,4,1,680.99,4,5,1,3,513
12479,11,1,477.3,11,5,1,2,512
12480,28,4,3281.63,336,4,4,5,445
12481,23,10,5574.36,366,4,5,5,455
12483,17,8,2327.13,339,4,5,5,455
12484,33,6,4480.87,336,3,4,5,345
12488,10,3,1298.66,76,5,3,4,534
12489,336,1,334.93,336,1,1,2,112
12490,5,10,5417.93,330,5,5,5,555
12491,39,1,460.4,39,3,1,2,312
12492,63,2,263.21,105,3,2,2,322
12493,166,2,416.79,197,2,2,2,222
12494,16,7,1139.35,366,4,5,4,454
12497,82,1,1043.1,82,2,1,4,214
12498,21,3,403.7,58,4,3,2,432
12500,23,11,4206.27,334,4,5,5,455
12501,337,1,2089.68,337,1,1,5,115
12502,96,5,3723.87,310,2,4,5,245
12504,18,2,114.0,30,4,2,1,421
12506,233,1,73.5,233,1,1,1,111
12507,134,3,1258.06,299,2,3,4,234
12508,26,2,397.88,29,4,2,2,422
12509,284,1,176.5,284,1,1,1,111
12510,143,2,982.57,325,2,2,4,224
12512,66,2,132.18,66,3,2,1,321
12513,113,1,586.79,113,2,1,3,213
12514,267,1,1017.68,267,1,1,4,114
12515,353,1,383.7,353,1,1,2,112
12516,78,2,1312.06,181,2,2,4,224
12517,28,5,2443.65,190,4,4,5,445
12518,1,5,2056.89,110,5,4,5,545
12519,64,1,330.84,64,3,1,2,312
12520,79,5,2582.51,274,2,4,5,245
12521,143,1,599.68,143,2,1,3,213
12522,39,2,192.72,51,3,2,1,321
12523,19,11,1745.57,332,4,5,4,454
12524,9,8,4485.72,334,5,5,5,555
12526,1,3,1316.66,94,5,3,4,534
12527,82,3,348.71,326,2,3,2,232
12528,9,6,1922.28,313,5,4,4,544
12530,60,4,1623.63,337,3,4,4,344
12531,15,1,125.22,15,4,1,1,411
12532,30,1,349.83,30,4,1,2,412
12534,131,1,1089.18,131,2,1,4,214
12535,92,2,716.35,187,2,2,3,223
12536,43,3,4106.82,59,3,3,5,335
12538,29,1,363.95,29,4,1,2,412
12539,22,4,3852.5,334,4,4,5,445
12540,20,17,13309.04,362,4,5,5,455
12541,30,3,981.18,281,4,3,4,434
12544,36,1,355.7,36,3,1,2,312
12545,75,2,1000.39,260,2,2,4,224
12546,47,2,1141.5,78,3,2,4,324
12547,198,2,207.8,281,1,2,1,121
12548,166,1,95.2,166,2,1,1,211
12550,79,1,964.83,79,2,1,4,214
12551,358,1,168.0,358,1,1,1,111
12552,39,2,437.82,40,3,2,2,322
12553,8,10,3652.25,330,5,5,5,555
12556,50,2,599.56,151,3,2,3,323
12557,16,5,11990.96,372,4,4,5,445
12559,311,2,536.21,320,1,2,3,123
12560,5,3,2101.39,143,5,3,5,535
12561,303,1,238.85,303,1,1,1,111
12562,8,7,3781.74,199,5,5,5,555
12564,261,1,456.9,261,1,1,2,112
12565,289,1,131.17,289,1,1,1,111
12566,86,1,346.7,86,2,1,2,212
12567,23,10,9114.94,370,4,5,5,455
12569,2,32,4064.99,252,5,5,5,555
12571,40,2,519.61,122,3,2,3,323
12572,9,2,1004.72,52,5,2,4,524
12573,227,1,160.54,227,1,1,1,111
12574,316,1,218.45,316,1,1,1,111
12576,36,5,1306.98,305,3,4,4,344
12577,35,3,564.2,359,3,3,3,333
12578,21,2,2753.36,330,4,2,5,425
12579,78,1,410.72,78,2,1,2,212
12580,247,1,415.7,247,1,1,2,112
12581,40,1,197.71,40,3,1,1,311
12582,239,2,511.36,289,1,2,3,123
12583,3,15,7187.34,374,5,5,5,555
12584,4,9,1893.95,280,5,5,4,554
12585,234,2,1982.81,351,1,2,4,124
12586,17,1,179.94,17,4,1,1,411
12587,8,1,144.0,8,5,1,1,511
12588,39,1,214.9,39,3,1,1,311
12589,29,2,646.68,145,4,2,3,423
12590,211,2,9861.38,211,1,2,5,125
12591,317,1,452.85,317,1,1,2,112
12592,92,2,437.6,213,2,2,2,222
12593,109,3,418.1,219,2,3,2,232
12594,38,10,3320.22,323,3,5,5,355
12596,51,2,618.27,242,3,2,3,323
12597,19,4,3683.13,268,4,4,5,445
12598,10,8,3002.68,285,5,5,5,555
12599,29,7,1032.58,304,4,5,4,454
12600,29,10,2581.04,371,4,5,5,455
12601,190,5,569.56,333,1,4,3,143
12602,59,1,153.12,59,3,1,1,311
12603,22,1,739.2,22,4,1,3,413
12604,79,2,254.18,262,2,2,2,222
12609,78,3,1126.85,318,2,3,4,234
12610,23,5,2057.99,126,4,4,5,445
12611,52,1,1193.32,52,3,1,4,314
12612,74,1,643.59,74,2,1,3,213
12613,57,5,3218.98,262,3,4,5,345
12614,278,1,315.6,278,1,1,2,112
12615,2,4,2291.19,168,5,4,5,545
12616,95,2,657.25,297,2,2,3,223
12617,29,1,352.98,29,4,1,2,412
12618,22,1,177.31,22,4,1,1,411
12619,16,9,3214.81,253,4,5,5,455
12620,15,3,1339.41,205,4,3,4,434
12621,2,20,13612.07,366,5,5,5,555
12622,232,1,180.1,232,1,1,1,111
12623,276,1,305.1,276,1,1,2,112
12624,106,2,641.13,178,2,2,3,223
12625,212,2,2614.32,319,1,2,5,125
12626,23,9,6388.35,327,4,5,5,455
12627,11,7,4478.53,140,5,5,5,555
12628,4,3,769.61,65,5,3,3,533
12630,10,2,1270.88,44,5,2,4,524
12631,57,1,640.5,57,3,1,3,313
12633,59,4,2140.63,288,3,4,5,345
12635,90,2,1689.18,155,2,2,4,224
12637,67,8,5934.25,324,3,5,5,355
12638,33,1,671.69,33,3,1,3,313
12639,239,1,486.1,239,1,1,3,113
12640,24,3,1174.58,82,4,3,4,434
12641,115,1,185.9,115,2,1,1,211
12642,25,3,1013.26,108,4,3,4,434
12643,128,6,3344.64,333,2,4,5,245
12644,130,1,477.91,130,2,1,2,212
12645,34,4,1755.38,316,3,4,4,344
12646,5,2,1346.97,49,5,2,4,524
12647,22,12,3669.92,369,4,5,5,455
12648,155,1,318.05,155,2,1,2,212
12649,107,3,603.71,212,2,3,3,233
12650,3,1,314.44,3,5,1,2,512
12651,335,1,114.0,335,1,1,1,111
12652,331,1,914.53,331,1,1,3,113
12653,149,2,2209.85,297,2,2,5,225
12654,11,5,601.98,295,5,4,3,543
12656,17,5,3982.72,234,4,4,5,445
12657,11,4,1152.06,79,5,4,4,544
12658,19,1,686.05,19,4,1,3,413
12659,30,1,91.68,30,4,1,1,411
12660,11,1,245.1,11,5,1,2,512
12662,1,11,3817.08,373,5,5,5,555
12664,8,9,4863.88,323,5,5,5,555
12665,325,1,61.75,325,1,1,1,111
12667,58,1,620.13,58,3,1,3,313
12668,12,4,3743.18,356,5,4,5,545
12669,151,3,1607.73,257,2,3,4,234
12670,10,5,2986.15,233,5,4,5,545
12672,330,1,225.9,330,1,1,1,111
12673,5,2,610.52,327,5,2,3,523
12674,39,4,1922.26,208,3,4,4,344
12676,25,6,1331.39,311,4,4,4,444
12678,42,12,17588.26,354,3,5,5,355
12679,59,4,1058.67,284,3,4,4,344
12680,1,4,862.81,113,5,4,3,543
12681,15,22,13677.59,368,4,5,5,455
12682,4,31,12279.82,371,5,5,5,555
12683,4,15,8221.09,366,5,5,5,555
12684,8,7,2283.63,213,5,5,5,555
12685,28,6,2863.08,94,4,4,5,445
12686,372,1,89.14,372,1,1,1,111
12688,114,1,4873.81,114,2,1,5,215
12689,26,2,1247.61,128,4,2,4,424
12690,206,1,389.01,206,1,1,2,112
12691,28,6,1035.8,357,4,5,4,454
12693,127,4,830.96,319,2,4,3,243
12694,70,2,869.67,183,3,2,3,323
12695,7,4,582.1,210,5,4,3,543
12697,29,3,939.02,169,4,3,4,434
12700,8,4,4867.99,215,5,4,5,545
12701,80,2,797.71,242,2,2,3,223
12702,20,1,219.0,20,4,1,1,411
12703,71,1,274.7,71,3,1,2,312
12704,7,8,2220.84,170,5,5,5,555
12705,15,9,6814.24,357,4,5,5,455
12707,292,1,603.42,292,1,1,3,113
12708,30,10,2616.32,369,4,5,5,455
12709,15,15,9264.1,367,4,5,5,455
12710,97,3,1130.57,201,2,3,4,234
12712,29,13,4241.63,371,4,5,5,455
12713,1,1,848.55,1,5,1,3,513
12714,9,5,4708.86,295,5,4,5,545
12715,106,1,343.36,106,2,1,2,212
12716,4,2,1053.49,133,5,2,4,524
12717,151,2,980.98,246,2,2,4,224
12718,71,1,238.25,71,3,1,1,311
12719,5,2,608.1,65,5,2,3,523
12720,3,25,5713.28,369,5,5,5,555
12721,32,6,2628.98,355,4,5,5,455
12722,85,4,904.33,151,2,4,3,243
12723,4,5,725.07,65,5,4,3,543
12724,5,4,1031.41,332,5,4,4,544
12725,371,1,427.8,371,1,1,2,112
12726,28,7,2609.1,357,4,5,5,455
12727,11,7,3947.7,320,5,5,5,555
12728,71,4,836.33,332,3,4,3,343
12729,114,1,453.01,114,2,1,2,212
12731,24,12,18793.41,365,4,5,5,455
12732,180,1,236.26,180,1,1,1,111
12733,234,1,383.95,234,1,1,2,112
12734,353,1,110.4,353,1,1,1,111
12735,315,2,779.57,337,1,2,3,123
12736,333,1,234.0,333,1,1,1,111
12738,372,1,155.35,372,1,1,1,111
12739,78,2,1013.04,99,2,2,4,224
12740,64,1,427.6,64,3,1,2,312
12743,134,2,540.13,134,2,2,3,223
12744,52,7,9120.39,318,3,5,5,355
12747,2,11,4196.01,369,5,5,5,555
12748,1,209,28405.56,374,5,5,5,555
12749,4,5,3868.2,213,5,4,5,545
12750,129,1,275.88,129,2,1,2,212
12752,81,1,4366.78,81,2,1,5,215
12753,23,6,21024.01,363,4,5,5,455
12754,236,3,2949.12,309,1,3,5,135
12755,281,2,2203.2,366,1,2,5,125
12756,87,1,112.08,87,2,1,1,211
12757,16,13,4205.25,211,4,5,5,455
12758,117,2,2791.59,277,2,2,5,225
12759,52,3,1531.44,276,3,3,4,334
12762,8,2,1898.52,25,5,2,4,524
12763,138,2,494.08,369,2,2,3,223
12764,317,1,1693.88,317,1,1,4,114
12766,4,7,6989.63,366,5,5,5,555
12769,239,1,1143.6,239,1,1,4,114
12770,211,1,1351.45,211,1,1,4,114
12772,60,1,892.47,60,3,1,3,313
12775,17,5,1351.24,311,4,4,4,444
12778,20,6,804.23,312,4,5,3,453
12779,38,8,3868.7,371,3,5,5,355
12781,64,2,707.72,285,3,2,3,323
12782,5,5,2273.32,358,5,4,5,545
12783,2,6,1603.87,75,5,5,4,554
12784,9,2,532.82,15,5,2,3,523
12785,364,1,305.71,364,1,1,2,112
12787,10,3,463.66,193,5,3,2,532
12789,65,1,91.85,65,3,1,1,311
12790,192,1,324.92,192,1,1,2,112
12791,374,1,192.6,374,1,1,1,111
12792,257,1,400.54,257,1,1,2,112
12793,335,2,545.48,371,1,2,3,123
12794,53,2,860.41,99,3,2,3,323
12795,19,1,430.48,19,4,1,2,412
12797,366,1,194.18,366,1,1,1,111
12798,10,3,6977.04,171,5,3,5,535
12802,187,1,412.58,187,1,1,2,112
12808,37,3,483.65,369,3,3,3,333
12809,178,1,484.36,178,2,1,3,213
12811,261,3,514.85,284,1,3,3,133
12812,45,1,229.64,45,3,1,1,311
12814,102,1,125.92,102,2,1,1,211
12815,148,2,1063.46,198,2,2,4,224
12816,96,2,572.2,176,2,2,3,223
12817,281,1,166.04,281,1,1,1,111
12818,262,1,1517.88,262,1,1,4,114
12820,3,4,942.34,327,5,4,4,544
12821,214,1,92.72,214,1,1,1,111
12822,71,2,918.98,87,3,2,4,324
12823,75,5,1759.5,297,2,4,4,244
12824,60,1,397.12,60,3,1,2,312
12826,3,7,1468.12,365,5,5,4,554
12827,6,3,430.15,44,5,3,2,532
12828,3,6,1018.71,130,5,5,4,554
12829,337,2,253.05,360,1,2,2,122
12830,38,6,6748.4,172,3,5,5,355
12831,262,1,215.05,262,1,1,1,111
12832,32,2,383.03,98,4,2,2,422
12833,145,1,417.38,145,2,1,2,212
12834,283,1,312.38,283,1,1,2,112
12836,59,4,2610.36,312,3,4,5,345
12837,173,1,134.1,173,2,1,1,211
12838,34,2,671.95,374,3,2,3,323
12839,3,14,5583.62,367,5,5,5,555
12840,144,4,2714.27,227,2,4,5,245
12841,5,25,3845.63,372,5,5,5,555
12842,70,2,1118.99,309,3,2,4,324
12843,66,8,1680.76,264,3,5,4,354
12844,29,2,325.96,130,4,2,2,422
12845,267,4,354.09,290,1,4,2,142
12847,22,1,843.64,22,4,1,3,413
12849,31,2,1010.29,269,4,2,4,424
12851,97,1,131.81,97,2,1,1,211
12852,295,1,299.75,295,1,1,2,112
12853,135,6,1881.7,316,2,5,4,254
12854,79,3,1280.9,318,2,3,4,234
12855,373,1,38.1,373,1,1,1,111
12856,8,6,2153.53,64,5,5,5,555
12857,211,2,1106.4,303,1,2,4,124
12863,52,1,504.2,52,3,1,3,313
12864,138,1,147.12,138,2,1,1,211
12865,26,2,1548.07,124,4,2,4,424
12866,283,1,559.12,283,1,1,3,113
12867,26,7,3958.74,360,4,5,5,455
12868,186,6,1607.06,374,1,5,4,154
12871,84,2,380.64,207,2,2,2,222
12872,327,2,599.97,365,1,2,3,123
12873,282,1,374.0,282,1,1,2,112
12875,143,2,343.23,363,2,2,2,222
12876,58,2,2218.02,196,3,2,5,325
12877,4,12,1535.77,359,5,5,4,554
12878,236,2,841.64,266,1,2,3,123
12879,45,3,552.57,92,3,3,3,333
12881,276,1,298.0,276,1,1,2,112
12882,9,2,1463.04,34,5,2,4,524
12883,25,4,703.47,89,4,4,3,443
12884,88,1,309.05,88,2,1,2,212
12885,63,3,1158.27,124,3,3,4,334
12886,68,2,1351.09,220,3,2,4,324
12888,214,2,313.77,255,1,2,2,122
12890,24,1,376.72,24,4,1,2,412
12891,186,3,331.0,293,1,3,2,132
12893,31,1,176.55,31,4,1,1,411
12895,42,2,347.3,87,3,2,2,322
12897,205,2,216.5,302,1,2,1,121
12901,9,28,16293.1,271,5,5,5,555
12902,265,1,138.68,265,1,1,1,111
12904,18,2,496.06,172,4,2,3,423
12906,12,5,2919.81,78,5,4,5,545
12908,176,2,246.0,313,2,2,2,222
12909,40,5,2128.83,253,3,4,5,345
12910,23,8,3075.04,242,4,5,5,455
12912,3,5,1662.3,41,5,4,4,544
12913,5,5,2483.63,368,5,4,5,545
12915,149,2,363.65,373,2,2,2,222
12916,139,4,2921.15,321,2,4,5,245
12917,128,1,594.0,128,2,1,3,213
12919,8,6,1301.44,170,5,5,4,554
12920,17,1,162.78,17,4,1,1,411
12921,9,37,16389.74,373,5,5,5,555
12922,161,1,405.38,161,2,1,2,212
12923,64,1,172.82,64,3,1,1,311
12924,88,4,929.95,328,2,4,4,244
12925,5,2,694.05,75,5,2,3,523
12928,35,5,2062.7,359,3,4,5,345
12929,312,1,105.1,312,1,1,1,111
12930,78,2,409.9,171,2,2,2,222
12931,22,15,33462.81,358,4,5,5,455
12933,24,3,606.28,284,4,3,3,433
12935,2,7,2156.45,319,5,5,5,555
12936,17,4,1012.9,78,4,4,4,444
12937,15,4,1504.27,267,4,4,4,444
12938,26,1,114.14,26,4,1,1,411
12939,64,8,11581.8,335,3,5,5,355
12940,55,2,862.44,88,3,2,3,323
12942,131,3,675.6,366,2,3,3,233
12944,36,2,604.51,355,3,2,3,323
12945,288,1,462.95,288,1,1,2,112
12947,144,6,1407.29,373,2,5,4,254
12948,16,7,2053.7,265,4,5,5,455
12949,31,8,4143.02,252,4,5,5,455
12950,2,3,1843.0,24,5,3,4,534
12951,9,6,1042.07,331,5,5,4,554
12952,6,4,1382.84,78,5,4,4,544
12953,10,1,329.85,10,5,1,2,512
12955,1,11,4734.26,268,5,5,5,555
12956,306,1,108.07,306,1,1,1,111
12957,10,8,3979.04,340,5,5,5,555
12962,7,2,266.39,113,5,2,2,522
12963,8,8,1841.03,366,5,5,4,554
12965,89,1,769.81,89,2,1,3,213
12966,10,1,160.18,10,5,1,1,511
12967,358,2,1194.75,372,1,2,4,124
12968,112,1,135.95,112,2,1,1,211
12970,7,4,405.47,322,5,4,2,542
12971,4,86,10930.26,372,5,5,5,555
12974,198,1,144.8,198,1,1,1,111
12976,212,1,738.6,212,1,1,3,113
12977,156,1,39.24,156,2,1,1,211
12980,158,9,7092.06,359,2,5,5,255
12981,30,2,372.22,133,4,2,2,422
12982,243,1,377.2,243,1,1,2,112
12984,19,1,97.5,19,4,1,1,411
12985,1,2,1215.62,29,5,2,4,524
12987,74,2,545.0,198,2,2,3,223
12988,292,1,505.82,292,1,1,3,113
12989,3,15,6854.51,364,5,5,5,555
12990,31,3,409.5,310,4,3,2,432
12991,23,2,503.76,112,4,2,3,423
12993,23,4,414.76,298,4,4,2,442
12994,4,3,902.22,269,5,3,3,533
12995,85,1,200.72,85,2,1,1,211
12997,22,4,1197.94,317,4,4,4,444
12999,196,3,455.88,246,1,3,2,132
13000,107,3,534.85,365,2,3,3,233
13001,4,13,9765.07,327,5,5,5,555
13002,318,1,120.95,318,1,1,1,111
13003,106,3,149.05,215,2,3,1,231
13004,12,18,5613.43,358,5,5,5,555
13005,174,2,468.95,246,2,2,2,222
13006,56,1,81.57,56,3,1,1,311
13008,323,1,178.47,323,1,1,1,111
13011,372,1,50.55,372,1,1,1,111
13012,9,8,1296.62,295,5,5,4,554
13013,1,13,4786.99,372,5,5,5,555
13014,11,10,3365.43,281,5,5,5,555
13015,53,5,3339.64,249,3,4,5,345
13016,73,3,789.89,123,2,3,3,233
13017,7,1,204.0,7,5,1,1,511
13018,16,28,7272.75,296,4,5,5,455
13021,4,9,2584.4,359,5,5,5,555
13023,64,2,689.9,130,3,2,3,323
13026,1,5,936.15,276,5,4,4,544
13027,114,6,6912.0,355,2,5,5,255
13028,23,2,659.68,45,4,2,3,423
13029,31,3,1247.5,353,4,3,4,434
13030,11,2,752.44,368,5,2,3,523
13032,52,2,996.52,87,3,2,4,324
13033,357,1,190.55,357,1,1,1,111
13034,55,2,642.77,369,3,2,3,323
13035,74,2,886.63,261,2,2,3,223
13037,138,3,881.07,256,2,3,3,233
13038,80,3,908.46,291,2,3,3,233
13040,9,2,676.99,33,5,2,3,523
13043,273,1,471.57,273,1,1,2,112
13044,291,1,560.47,291,1,1,3,113
13045,99,1,305.28,99,2,1,2,212
13046,31,2,629.31,266,4,2,3,423
13047,32,10,3079.1,374,4,5,5,455
13048,14,4,1789.41,327,4,4,4,444
13049,64,2,656.68,318,3,2,3,323
13050,15,17,5684.61,367,4,5,5,455
13052,212,1,348.15,212,1,1,2,112
13055,78,3,1201.96,214,2,3,4,234
13058,25,3,271.4,152,4,3,2,432
13059,250,1,183.4,250,1,1,1,111
13060,254,1,307.53,254,1,1,2,112
13061,72,1,248.61,72,2,1,2,212
13062,191,1,346.98,191,1,1,2,112
13064,13,4,1105.59,327,5,4,4,544
13065,373,1,205.86,373,1,1,1,111
13066,24,2,430.9,32,4,2,2,422
13067,82,1,115.46,82,2,1,1,211
13068,10,2,344.0,320,5,2,2,522
13069,1,24,3713.14,370,5,5,5,555
13070,192,1,228.8,192,1,1,1,111
13072,267,1,177.15,267,1,1,1,111
13075,130,1,919.61,130,2,1,4,214
13077,1,4,728.02,366,5,4,3,543
13078,3,26,12432.28,367,5,5,5,555
13079,4,5,220.1,140,5,4,1,541
13080,179,1,58.08,179,1,1,1,111
13081,12,11,27964.48,371,5,5,5,555
13082,126,9,3595.48,338,2,5,5,255
13083,4,2,303.75,76,5,2,2,522
13085,158,2,272.38,295,2,2,2,222
13089,3,97,57322.13,370,5,5,5,555
13090,9,14,8689.39,373,5,5,5,555
13091,28,1,319.82,28,4,1,2,412
13092,71,5,459.83,360,3,4,2,342
13093,276,8,7741.47,373,1,5,5,155
13094,21,12,1708.86,369,4,5,4,454
13095,71,1,74.4,71,3,1,1,311
13097,33,10,5886.12,360,3,5,5,355
13098,1,28,28658.88,317,5,5,5,555
13099,99,1,207.36,99,2,1,1,211
13101,234,1,101.19,234,1,1,1,111
13102,1,24,6336.29,365,5,5,5,555
13103,40,1,243.94,40,3,1,1,311
13104,3,6,1098.48,355,5,5,4,554
13106,133,1,59.5,133,2,1,1,211
13107,44,4,1524.07,334,3,4,4,344
13108,373,1,350.06,373,1,1,2,112
13109,60,2,766.84,157,3,2,3,323
13110,31,7,1452.87,311,4,5,4,454
13113,1,24,10510.0,366,5,5,5,555
13115,12,4,2205.63,184,5,4,5,545
13116,138,1,485.19,138,2,1,3,213
13117,22,8,984.91,372,4,5,4,454
13118,20,5,1125.0,289,4,4,4,444
13120,239,1,30.6,239,1,1,1,111
13121,269,1,254.73,269,1,1,2,112
13122,94,2,922.39,240,2,2,4,224
13124,90,3,3756.33,359,2,3,5,235
13126,5,8,2056.29,367,5,5,5,555
13127,78,1,259.17,78,2,1,2,212
13130,94,1,64.0,94,2,1,1,211
13131,23,3,1039.3,188,4,3,4,434
13132,262,1,77.3,262,1,1,1,111
13133,274,2,109.8,304,1,2,1,121
13134,86,4,1740.63,240,2,4,4,244
13135,197,1,3096.0,197,1,1,5,115
13136,56,5,2545.38,213,3,4,5,345
13137,11,8,3557.96,309,5,5,5,555
13138,22,6,962.39,372,4,5,4,454
13139,16,7,5055.79,260,4,5,5,455
13140,108,3,422.47,366,2,3,2,232
13141,85,5,2385.8,315,2,4,5,245
13142,19,1,307.09,19,4,1,2,412
13144,333,1,110.95,333,1,1,1,111
13145,40,4,614.77,372,3,4,3,343
13146,26,1,228.91,26,4,1,1,411
13147,10,4,712.8,100,5,4,3,543
13148,29,12,3324.62,364,4,5,5,455
13149,14,4,1676.06,289,4,4,4,444
13151,296,1,1250.37,296,1,1,4,114
13153,6,1,486.22,6,5,1,3,513
13155,33,4,971.76,369,3,4,4,344
13157,49,4,1721.57,298,3,4,4,344
13158,95,4,1201.06,319,2,4,4,244
13159,9,4,1371.25,116,5,4,4,544
13160,22,1,91.8,22,4,1,1,411
13161,313,1,112.75,313,1,1,1,111
13162,122,4,1644.99,335,2,4,4,244
13165,46,2,1021.48,351,3,2,4,324
13166,283,1,414.7,283,1,1,2,112
13167,19,4,791.33,144,4,4,3,443
13168,36,4,1290.54,318,3,4,4,344
13169,64,2,712.88,252,3,2,3,323
13170,27,1,108.81,27,4,1,1,411
13171,22,3,426.81,299,4,3,2,432
13173,4,2,353.65,367,5,2,2,522
13174,16,3,2742.82,369,4,3,5,435
13176,46,1,481.49,46,3,1,3,313
13177,65,1,282.45,65,3,1,2,312
13178,26,11,5725.47,361,4,5,5,455
13182,45,1,121.18,45,3,1,1,311
13183,8,9,3957.78,335,5,5,5,555
13184,15,10,1616.45,290,4,5,4,454
13185,268,1,71.4,268,1,1,1,111
13186,40,3,1539.69,129,3,3,4,334
13187,337,1,236.02,337,1,1,1,111
13188,11,1,114.6,11,5,1,1,511
13189,19,2,260.68,115,4,2,2,422
13192,95,2,911.94,205,2,2,3,223
13193,61,1,112.08,61,3,1,1,311
13194,136,1,60.7,136,2,1,1,211
13196,11,4,1797.78,262,5,4,4,544
13198,10,6,3384.09,362,5,5,5,555
13199,4,38,9803.96,367,5,5,5,555
13200,19,4,870.09,126,4,4,3,443
13203,10,4,869.46,242,5,4,3,543
13207,15,2,250.26,151,4,2,2,422
13208,59,6,1199.65,309,3,5,4,354
13209,30,8,5820.16,362,4,5,5,455
13210,94,1,353.48,94,2,1,2,212
13211,10,3,1095.42,361,5,3,4,534
13212,20,3,779.33,61,4,3,3,433
13213,57,5,1518.43,200,3,4,4,344
13216,268,1,333.74,268,1,1,2,112
13217,122,3,133.62,157,2,3,1,231
13218,127,1,62.64,127,2,1,1,211
13220,78,4,819.29,237,2,4,3,243
13221,240,2,847.41,359,1,2,3,123
13223,200,2,163.2,232,1,2,1,121
13224,60,2,2150.85,151,3,2,5,325
13225,3,7,6083.04,362,5,5,5,555
13226,273,1,108.21,273,1,1,1,111
13227,202,1,257.7,202,1,1,2,112
13228,81,1,358.0,81,2,1,2,212
13229,226,1,160.95,226,1,1,1,111
13230,4,14,2712.07,365,5,5,5,555
13232,13,7,1328.35,243,5,5,4,554
13233,74,2,605.12,336,2,2,3,223
13235,212,1,101.17,212,1,1,1,111
13236,25,2,727.27,107,4,2,3,423
13238,17,4,680.83,360,4,4,3,443
13239,262,1,329.56,262,1,1,2,112
13240,96,4,663.65,366,2,4,3,243
13242,112,3,270.4,214,2,3,2,232
13243,203,1,585.12,203,1,1,3,113
13244,93,1,121.74,93,2,1,1,211
13245,51,1,430.5,51,3,1,2,312
13246,18,6,1896.32,330,4,5,4,454
13247,18,4,501.12,83,4,4,3,443
13248,125,2,465.68,189,2,2,2,222
13249,92,3,711.41,261,2,3,3,233
13253,157,2,1030.4,339,2,2,4,224
13255,9,2,390.66,374,5,2,2,522
13258,12,3,672.83,205,5,3,3,533
13259,62,1,283.18,62,3,1,2,312
13260,61,1,557.62,61,3,1,3,313
13261,269,2,944.1,286,1,2,4,124
13262,263,1,200.29,263,1,1,1,111
13263,1,35,7436.93,325,5,5,5,555
13265,53,5,2092.66,274,3,4,5,345
13266,11,12,3717.67,257,5,5,5,555
13267,3,19,4404.44,367,5,5,5,555
13268,18,11,3127.7,267,4,5,5,455
13269,1,15,5312.97,370,5,5,5,555
13270,366,1,590.0,366,1,1,3,113
13271,37,1,172.37,37,3,1,1,311
13272,31,2,276.56,90,4,2,2,422
13273,113,1,138.98,113,2,1,1,211
13276,64,2,590.93,100,3,2,3,323
13277,16,4,258.4,134,4,4,2,442
13278,41,1,542.73,41,3,1,3,313
13279,78,1,126.3,78,2,1,1,211
13280,122,3,798.46,337,2,3,3,233
13282,18,3,1047.84,221,4,3,4,434
13283,60,2,93.66,186,3,2,1,321
13284,331,1,196.15,331,1,1,1,111
13285,23,4,2709.12,290,4,4,5,445
13291,156,1,361.11,156,2,1,2,212
13292,39,2,578.94,284,3,2,3,323
13294,190,2,873.74,250,1,2,3,123
13295,360,1,197.95,360,1,1,1,111
13296,137,1,87.4,137,2,1,1,211
13297,8,4,2089.85,67,5,4,5,545
13298,1,1,360.0,1,5,1,2,512
13299,268,1,142.5,268,1,1,1,111
13300,169,1,365.29,169,2,1,2,212
13301,104,4,618.09,292,2,4,3,243
13302,155,1,63.75,155,2,1,1,211
13304,351,1,300.42,351,1,1,2,112
13305,4,10,2000.86,373,5,5,4,554
13307,120,1,15.0,120,2,1,1,211
13308,23,3,1367.61,203,4,3,4,434
13309,7,5,1456.79,309,5,4,4,544
13310,28,3,1083.63,324,4,3,4,434
13311,4,2,598.57,150,5,2,3,523
13313,22,5,1555.32,340,4,4,4,444
13314,2,3,593.51,74,5,3,3,533
13316,37,4,5570.69,254,3,4,5,345
13317,66,6,2140.07,359,3,5,5,355
13318,1,3,640.76,37,5,3,3,533
13319,5,26,10664.34,366,5,5,5,555
13320,78,4,1475.2,214,2,4,4,244
13321,72,2,567.36,86,2,2,3,223
13322,17,1,199.48,17,4,1,1,411
13323,3,5,787.85,84,5,4,3,543
13324,36,10,7072.8,361,3,5,5,355
13325,82,1,675.3,82,2,1,3,213
13327,39,8,3617.57,365,3,5,5,355
13328,316,1,1308.48,316,1,1,4,114
13329,32,2,740.4,367,4,2,3,423
13330,93,3,1140.93,316,2,3,4,234
13332,14,1,350.9,14,4,1,2,412
13334,82,3,3502.32,306,2,3,5,235
13336,77,1,795.12,77,2,1,3,213
13338,158,1,431.82,158,2,1,2,212
13339,201,1,860.12,201,1,1,3,113
13340,45,7,10736.48,277,3,5,5,355
13341,261,1,775.85,261,1,1,3,113
13343,178,1,303.93,178,2,1,2,212
13344,68,3,2511.69,278,3,3,5,335
13345,288,1,377.6,288,1,1,2,112
13347,70,1,341.36,70,3,1,2,312
13348,64,1,233.76,64,3,1,1,311
13349,11,1,247.32,11,5,1,2,512
13350,16,2,910.72,79,4,2,3,423
13351,66,1,373.94,66,3,1,2,312
13352,60,1,389.28,60,3,1,2,312
13354,71,1,743.53,71,3,1,3,313
13355,122,1,674.7,122,2,1,3,213
13356,80,1,768.24,80,2,1,3,213
13357,257,1,609.4,257,1,1,3,113
13358,269,1,439.03,269,1,1,2,112
13359,64,1,431.26,64,3,1,2,312
13362,9,4,3085.49,288,5,4,5,545
13363,18,2,992.5,44,4,2,4,424
13365,34,2,2191.22,218,3,2,5,325
13366,50,1,56.16,50,3,1,1,311
13368,257,2,623.4,338,1,2,3,123
13369,366,1,263.75,366,1,1,2,112
13370,372,1,721.32,372,1,1,3,113
13372,90,1,378.64,90,2,1,2,212
13373,61,3,3312.25,276,3,3,5,335
13375,89,1,772.9,89,2,1,3,213
13376,99,3,1019.76,234,2,3,4,234
13379,26,3,572.56,137,4,3,3,433
13381,32,6,3626.81,299,4,5,5,455
13382,281,1,222.99,281,1,1,1,111
13384,31,7,4122.28,179,4,5,5,455
13385,330,1,534.57,330,1,1,3,113
13388,131,2,627.15,131,2,2,3,223
13389,11,3,797.96,233,5,3,3,533
13390,75,1,544.08,75,2,1,3,213
13391,204,1,59.8,204,1,1,1,111
13394,2,8,2312.8,310,5,5,5,555
13395,185,1,307.72,185,1,1,2,112
13396,29,2,1325.29,319,4,2,4,424
13397,73,5,1539.18,339,2,4,4,244
13398,192,1,457.34,192,1,1,2,112
13402,127,2,621.23,372,2,2,3,223
13403,18,1,75.0,18,4,1,1,411
13404,1,2,252.49,213,5,2,2,522
13405,74,3,572.45,318,2,3,3,233
13408,2,62,27487.41,374,5,5,5,555
13410,24,5,988.91,291,4,4,4,444
13411,107,1,213.55,107,2,1,1,211
13414,134,3,1390.5,297,2,3,4,234
13416,44,2,712.5,81,3,2,3,323
13417,5,2,640.83,205,5,2,3,523
13418,12,18,5845.44,373,5,5,5,555
13419,64,1,221.06,64,3,1,1,311
13420,150,2,140.35,171,2,2,1,221
13421,40,2,1831.61,290,3,2,4,324
13422,64,1,2601.55,64,3,1,5,315
13425,108,3,1624.21,295,2,3,4,234
13426,1,10,3550.7,360,5,5,5,555
13427,19,3,582.6,215,4,3,3,433
13428,10,1,201.78,10,5,1,1,511
13429,11,4,1006.8,75,5,4,4,544
13430,19,2,648.69,86,4,2,3,423
13431,67,2,1269.1,89,3,2,4,324
13434,74,2,534.24,97,2,2,3,223
13435,5,7,3794.49,189,5,5,5,555
13436,2,1,196.89,2,5,1,1,511
13437,14,7,3408.06,190,4,5,5,455
13439,255,1,283.71,255,1,1,2,112
13441,92,1,296.64,92,2,1,2,212
13447,23,3,1104.23,36,4,3,4,434
13448,17,6,3460.99,374,4,5,5,455
13449,24,1,291.88,24,4,1,2,412
13450,27,6,2043.72,218,4,5,5,455
13451,26,5,2838.56,334,4,4,5,445
13452,259,2,590.0,271,1,2,3,123
13453,166,2,356.98,290,2,2,2,222
13455,25,2,1007.35,366,4,2,4,424
13456,18,6,1737.82,207,4,5,4,454
13458,7,14,9537.92,360,5,5,5,555
13460,29,2,183.44,50,4,2,1,421
13461,39,3,1445.0,164,3,3,4,334
13462,253,1,143.25,253,1,1,1,111
13464,58,1,674.68,58,3,1,3,313
13466,184,1,297.95,184,1,1,2,112
13467,11,2,1071.91,36,5,2,4,524
13468,2,37,5656.75,373,5,5,5,555
13470,99,2,165.0,115,2,2,1,221
13471,1,4,2501.84,47,5,4,5,545
13473,61,2,417.54,333,3,2,2,322
13474,236,1,226.84,236,1,1,1,111
13475,191,4,1431.78,299,1,4,4,144
13476,179,2,1092.77,281,1,2,4,124
13477,38,6,1441.53,292,3,5,4,354
13479,201,2,291.0,235,1,2,2,122
13481,46,5,1776.81,257,3,4,4,344
13482,232,1,184.64,232,1,1,1,111
13483,66,1,140.34,66,3,1,1,311
13484,241,1,313.8,241,1,1,2,112
13485,233,1,454.24,233,1,1,2,112
13486,78,3,1122.41,155,2,3,4,234
13487,58,3,575.4,353,3,3,3,333
13488,17,13,8910.61,367,4,5,5,455
13489,105,4,449.52,295,2,4,2,242
13491,52,10,1215.82,372,3,5,4,354
13492,136,3,1269.84,215,2,3,4,234
13493,275,2,618.63,287,1,2,3,123
13494,312,1,316.26,312,1,1,2,112
13495,8,5,1990.12,368,5,4,4,544
13496,11,2,617.93,360,5,2,3,523
13497,283,2,321.05,369,1,2,2,122
13499,18,5,1146.96,270,4,4,4,444
13500,23,3,1136.77,123,4,3,4,434
13501,288,1,1310.47,288,1,1,4,114
13502,17,3,292.0,324,4,3,2,432
13503,71,1,216.85,71,3,1,1,311
13504,64,1,295.93,64,3,1,2,312
13505,73,4,4282.88,233,2,4,5,245
13506,316,2,452.82,370,1,2,2,122
13507,3,4,2479.16,146,5,4,5,545
13508,244,1,110.97,244,1,1,1,111
13509,9,7,979.72,284,5,5,4,554
13510,1,4,1785.16,184,5,4,4,544
13512,261,1,251.21,261,1,1,2,112
13513,127,1,205.1,127,2,1,1,211
13514,74,1,152.2,74,2,1,1,211
13515,73,4,891.12,248,2,4,3,243
13516,21,3,1389.41,239,4,3,4,434
13517,60,3,2109.07,180,3,3,5,335
13518,86,1,627.16,86,2,1,3,213
13519,78,1,110.8,78,2,1,1,211
13520,59,6,3487.75,372,3,5,5,355
13521,1,3,1071.73,10,5,3,4,534
13522,30,1,125.8,30,4,1,1,411
13523,33,5,3755.38,366,3,4,5,345
13524,41,5,680.18,220,3,4,3,343
13525,15,2,628.78,248,4,2,3,423
13527,34,7,2218.61,327,3,5,5,355
13529,79,2,307.76,205,2,2,2,222
13531,205,2,483.8,366,1,2,3,123
13532,34,1,210.31,34,3,1,1,311
13533,183,3,269.09,268,1,3,2,132
13534,2,25,5613.08,358,5,5,5,555
13536,1,7,3444.39,75,5,5,5,555
13538,43,7,1280.85,316,3,5,4,354
13539,86,3,605.84,309,2,3,3,233
13544,40,2,276.06,241,3,2,2,322
13546,12,3,621.09,201,5,3,3,533
13548,96,2,678.16,244,2,2,3,223
13549,26,7,916.12,242,4,5,3,453
13551,319,1,91.8,319,1,1,1,111
13552,66,12,3539.53,316,3,5,5,355
13555,74,4,4098.88,202,2,4,5,245
13557,28,2,584.06,281,4,2,3,423
13558,6,4,594.52,68,5,4,3,543
13560,7,1,171.42,7,5,1,1,511
13561,216,1,141.86,216,1,1,1,111
13562,82,3,1799.33,246,2,3,4,234
13563,84,2,777.53,140,2,2,3,223
13564,144,3,623.39,368,2,3,3,233
13565,19,2,240.22,334,4,2,1,421
13566,41,2,856.84,83,3,2,3,323
13568,173,1,187.05,173,2,1,1,211
13569,17,2,338.62,368,4,2,2,422
13570,243,1,239.49,243,1,1,1,111
13571,13,12,2088.94,254,5,5,5,555
13572,206,1,1384.25,206,1,1,4,114
13573,50,2,290.25,253,3,2,2,322
13575,23,5,732.07,176,4,4,3,443
13576,10,18,6703.3,373,5,5,5,555
13577,25,4,1658.3,242,4,4,4,444
13579,15,2,467.04,369,4,2,2,422
13581,309,1,118.0,309,1,1,1,111
13583,156,1,781.03,156,2,1,3,213
13584,307,1,142.4,307,1,1,1,111
13587,64,1,347.0,64,3,1,2,312
13588,16,9,2445.12,255,4,5,5,455
13589,15,2,379.65,180,4,2,2,422
13590,11,6,1976.12,303,5,5,4,554
13591,65,3,1117.13,267,3,3,4,334
13592,36,4,247.96,264,3,4,2,342
13593,108,5,1965.08,336,2,4,4,244
13594,53,1,396.97,53,3,1,2,312
13596,6,2,664.11,13,5,2,3,523
13598,47,1,147.29,47,3,1,1,311
13599,1,21,5026.85,367,5,5,5,555
13600,312,1,219.52,312,1,1,1,111
13601,45,2,693.32,211,3,2,3,323
13602,65,1,428.89,65,3,1,2,312
13603,26,1,164.34,26,4,1,1,411
13606,29,3,276.75,312,4,3,2,432
13607,40,1,675.51,40,3,1,3,313
13610,12,7,1065.88,285,5,5,4,554
13611,89,3,1140.8,360,2,3,4,234
13614,24,4,1585.46,331,4,4,4,444
13615,319,1,399.99,319,1,1,2,112
13617,40,3,544.18,180,3,3,3,333
13618,174,1,177.34,174,2,1,1,211
13621,117,1,213.85,117,2,1,1,211
13623,31,5,652.4,297,4,4,3,443
13626,253,1,257.23,253,1,1,2,112
13627,59,5,1624.02,358,3,4,4,344
13629,23,11,7792.36,339,4,5,5,455
13630,5,7,1995.68,286,5,5,4,554
13631,100,11,3021.77,267,2,5,5,255
13632,25,5,2114.68,243,4,4,5,445
13634,33,5,1547.36,327,3,4,4,344
13635,68,1,1071.03,68,3,1,4,314
13636,37,5,941.62,285,3,4,4,344
13637,52,3,804.3,226,3,3,3,333
13638,16,1,122.64,16,4,1,1,411
13639,74,1,1033.34,74,2,1,4,214
13642,216,1,312.28,216,1,1,2,112
13643,31,3,519.44,186,4,3,3,433
13644,16,4,2597.52,106,4,4,5,445
13645,120,1,252.1,120,2,1,2,212
13647,10,4,1640.22,235,5,4,4,544
13649,257,2,346.6,366,1,2,2,122
13650,17,6,1809.34,268,4,5,4,454
13651,35,2,94.2,40,3,2,1,321
13652,46,3,1095.08,369,3,3,4,334
13654,43,6,2707.33,273,3,5,5,355
13655,114,2,932.97,242,2,2,4,224
13656,165,2,379.65,337,2,2,2,222
13657,11,2,382.14,202,5,2,2,522
13658,10,5,2421.47,204,5,4,5,545
13659,206,2,1540.65,321,1,2,4,124
13662,86,3,862.58,259,2,3,3,233
13663,179,1,189.47,179,1,1,1,111
13666,60,3,84.65,287,3,3,1,331
13667,149,1,299.05,149,2,1,2,212
13668,3,21,6162.31,363,5,5,5,555
13669,51,2,218.55,150,3,2,1,321
13670,75,1,349.7,75,2,1,2,212
13673,19,2,387.44,32,4,2,2,422
13675,151,2,486.82,285,2,2,3,223
13678,152,1,232.6,152,2,1,1,211
13680,1,4,2199.01,339,5,4,5,545
13681,18,4,827.83,155,4,4,3,443
13682,187,1,59.5,187,1,1,1,111
13684,286,1,62.13,286,1,1,1,111
13685,3,7,3119.44,60,5,5,5,555
13686,183,1,72.0,183,1,1,1,111
13689,63,1,910.0,63,3,1,3,313
13690,59,1,172.25,59,3,1,1,311
13692,25,3,1466.87,236,4,3,4,434
13694,4,50,62690.54,374,5,5,5,555
13695,31,15,2504.13,260,4,5,5,455
13697,39,1,151.3,39,3,1,1,311
13699,155,1,308.58,155,2,1,2,212
13700,26,10,2248.63,327,4,5,5,455
13703,318,1,99.5,318,1,1,1,111
13704,5,9,2295.31,88,5,5,5,555
13705,8,3,711.86,374,5,3,3,533
13706,303,1,330.79,303,1,1,2,112
13707,267,2,806.41,315,1,2,3,123
13708,271,1,285.33,271,1,1,2,112
13709,4,13,6228.71,315,5,5,5,555
13710,32,1,180.48,32,4,1,1,411
13711,219,2,252.06,219,1,2,2,122
13712,247,1,228.84,247,1,1,1,111
13715,281,5,1051.99,373,1,4,4,144
13716,269,1,138.28,269,1,1,1,111
13717,32,6,1432.26,298,4,5,4,454
13718,246,2,306.55,296,1,2,2,122
13719,15,5,1041.68,234,4,4,4,444
13720,117,4,799.9,255,2,4,3,243
13721,36,1,524.14,36,3,1,3,313
13722,132,3,2369.16,283,2,3,5,235
13723,217,1,199.85,217,1,1,1,111
13725,50,8,1809.81,309,3,5,4,354
13726,39,2,1079.66,101,3,2,4,324
13727,29,2,333.48,34,4,2,2,422
13728,37,6,1016.14,311,3,5,4,354
13730,136,2,752.6,162,2,2,3,223
13731,219,2,610.59,247,1,2,3,123
13732,28,1,491.86,28,4,1,3,413
13735,25,4,2764.48,234,4,4,5,445
13736,5,2,721.9,260,5,2,3,523
13737,200,1,339.6,200,1,1,2,112
13739,18,1,216.9,18,4,1,1,411
13740,241,1,350.75,241,1,1,2,112
13741,72,3,666.33,217,2,3,3,233
13742,17,12,3079.27,320,4,5,5,455
13743,3,7,1340.15,259,5,5,4,554
13744,95,2,1080.52,292,2,2,4,224
13745,162,1,291.54,162,2,1,2,212
13747,374,1,79.6,374,1,1,1,111
13748,96,5,948.25,374,2,4,4,244
13750,54,5,1647.26,337,3,4,4,344
13751,288,1,296.25,288,1,1,2,112
13752,124,6,1175.38,247,2,5,4,254
13753,288,1,741.26,288,1,1,3,113
13754,152,2,282.6,317,2,2,2,222
13755,4,9,2101.39,63,5,5,5,555
13756,2,14,5145.12,368,5,5,5,555
13758,12,7,3190.55,374,5,5,5,555
13759,33,2,659.41,71,3,2,3,323
13760,54,2,286.79,256,3,2,2,322
13761,50,2,1070.65,180,3,2,4,324
13763,63,1,1689.46,63,3,1,4,314
13764,71,3,1519.42,337,3,3,4,334
13767,2,37,16945.71,374,5,5,5,555
13769,2,10,2771.87,367,5,5,5,555
13771,64,4,2631.7,247,3,4,5,345
13772,34,3,1122.63,240,3,3,4,334
13774,82,1,345.0,82,2,1,2,212
13777,1,33,25748.35,373,5,5,5,555
13778,103,1,178.7,103,2,1,1,211
13780,7,2,360.01,171,5,2,2,522
13781,251,1,127.84,251,1,1,1,111
13782,13,6,908.86,328,5,5,3,553
13784,10,11,2462.79,332,5,5,5,555
13786,367,1,230.4,367,1,1,1,111
13787,76,2,309.04,364,2,2,2,222
13790,4,1,348.8,4,5,1,2,512
13791,128,2,1047.68,168,2,2,4,224
13792,66,2,195.55,287,3,2,1,321
13798,1,57,36352.87,372,5,5,5,555
13799,117,2,688.86,294,2,2,3,223
13800,310,1,558.32,310,1,1,3,113
13801,67,1,324.8,67,3,1,2,312
13802,139,3,3906.27,312,2,3,5,235
13803,255,1,277.07,255,1,1,2,112
13804,31,7,2588.39,290,4,5,5,455
13805,52,2,924.6,129,3,2,4,324
13806,64,1,256.38,64,3,1,2,312
13807,367,1,112.6,367,1,1,1,111
13808,6,5,1747.66,97,5,4,4,544
13809,305,1,155.05,305,1,1,1,111
13810,29,3,899.51,56,4,3,3,433
13811,184,3,591.75,239,1,3,3,133
13812,42,3,539.0,105,3,3,3,333
13813,40,4,1353.41,135,3,4,4,344
13814,92,2,1562.12,137,2,2,4,224
13815,22,4,4014.91,319,4,4,5,445
13816,24,2,555.04,64,4,2,3,423
13817,29,2,382.98,352,4,2,2,422
13819,302,3,1140.35,320,1,3,4,134
13821,145,2,385.64,262,2,2,2,222
13822,6,2,632.0,40,5,2,3,523
13823,19,2,957.66,92,4,2,4,424
13824,33,5,1698.94,310,3,4,4,344
13826,176,1,174.65,176,2,1,1,211
13827,58,3,409.8,143,3,3,2,332
13828,22,1,209.49,22,4,1,1,411
13831,16,6,2198.45,370,4,5,5,455
13832,19,1,40.95,19,4,1,1,411
13833,159,1,383.85,159,2,1,2,212
13835,25,4,834.57,215,4,4,3,443
13837,212,2,266.59,318,1,2,2,122
13838,6,4,674.82,370,5,4,3,543
13841,253,1,85.0,253,1,1,1,111
13842,59,9,3385.62,367,3,5,5,355
13844,11,1,361.62,11,5,1,2,512
13845,65,1,312.98,65,3,1,2,312
13846,25,3,847.61,360,4,3,3,433
13848,92,3,1255.0,366,2,3,4,234
13849,52,2,1537.95,171,3,2,4,324
13850,129,1,1586.81,129,2,1,4,214
13851,96,3,2651.46,288,2,3,5,235
13853,57,1,1056.94,57,3,1,4,314
13854,9,25,8025.02,366,5,5,5,555
13856,169,3,363.4,203,2,3,2,232
13858,57,1,216.17,57,3,1,1,311
13859,326,1,201.16,326,1,1,1,111
13860,1,5,1240.0,87,5,4,4,544
13862,18,8,2187.31,332,4,5,5,455
13863,248,1,299.56,248,1,1,2,112
13865,58,4,501.56,290,3,4,3,343
13866,74,1,145.67,74,2,1,1,211
13867,31,3,1005.09,218,4,3,4,434
13868,7,2,3192.54,39,5,2,5,525
13869,123,4,3083.65,357,2,4,5,245
13870,2,8,2751.25,288,5,5,5,555
13871,23,13,6389.8,309,4,5,5,455
13873,120,3,381.7,310,2,3,2,232
13874,358,1,540.45,358,1,1,3,113
13875,54,5,1786.79,301,3,4,4,344
13876,64,1,122.7,64,3,1,1,311
13877,86,1,117.24,86,2,1,1,211
13878,55,1,1271.57,55,3,1,4,314
13880,21,13,3219.77,367,4,5,5,455
13881,4,20,16989.52,312,5,5,5,555
13882,3,5,1131.28,64,5,4,4,544
13883,11,5,2538.75,253,5,4,5,545
13884,7,5,781.3,283,5,4,3,543
13885,189,2,506.8,201,1,2,3,123
13886,71,1,243.56,71,3,1,1,311
13887,204,1,349.55,204,1,1,2,112
13888,120,2,595.67,218,2,2,3,223
13889,93,1,416.9,93,2,1,2,212
13890,1,10,1860.86,359,5,5,4,554
13892,27,4,632.97,247,4,4,3,443
13893,298,1,821.1,298,1,1,3,113
13894,24,3,535.97,310,4,3,3,433
13895,28,4,2588.12,165,4,4,5,445
13897,50,1,311.16,50,3,1,2,312
13898,326,1,155.93,326,1,1,1,111
13899,16,2,388.52,275,4,2,2,422
13900,183,3,740.95,263,1,3,3,133
13901,72,5,2867.2,319,2,4,5,245
13904,37,2,332.64,295,3,2,2,322
13908,80,4,2347.05,277,2,4,5,245
13911,57,9,2580.91,308,3,5,5,355
13914,12,2,613.95,36,5,2,3,523
13917,50,2,272.04,192,3,2,2,322
13918,50,2,1212.84,253,3,2,4,324
13919,59,2,350.16,122,3,2,2,322
13922,352,1,172.25,352,1,1,1,111
13923,54,1,351.13,54,3,1,2,312
13924,2,6,1682.08,72,5,5,4,554
13925,93,4,616.65,135,2,4,3,243
13926,23,1,223.85,23,4,1,1,411
13927,75,1,348.99,75,2,1,2,212
13928,11,4,464.57,133,5,4,2,542
13929,169,2,802.85,326,2,2,3,223
13930,58,2,337.34,137,3,2,2,322
13931,96,2,1230.93,281,2,2,4,224
13932,295,1,307.4,295,1,1,2,112
13933,109,2,608.79,148,2,2,3,223
13934,264,1,922.1,264,1,1,4,114
13936,180,1,361.28,180,1,1,2,112
13937,169,1,158.85,169,2,1,1,211
13938,35,1,71.66,35,3,1,1,311
13939,23,3,556.75,312,4,3,3,433
13940,17,4,839.14,144,4,4,3,443
13941,22,5,4912.41,373,4,4,5,445
13946,79,3,561.57,268,2,3,3,233
13947,65,1,90.6,65,3,1,1,311
13948,361,1,102.0,361,1,1,1,111
13949,3,6,2427.32,95,5,5,5,555
13950,11,4,728.56,247,5,4,3,543
13951,176,3,674.45,294,2,3,3,233
13952,218,2,3246.09,239,1,2,5,125
13953,7,7,3515.68,353,5,5,5,555
13954,2,2,378.59,71,5,2,2,522
13955,154,2,322.96,306,2,2,2,222
13956,5,5,1019.27,271,5,4,4,544
13959,79,3,594.04,362,2,3,3,233
13960,21,2,230.22,72,4,2,1,421
13962,22,2,169.55,246,4,2,1,421
13963,308,4,664.54,368,1,4,3,143
13967,146,1,80.7,146,2,1,1,211
13969,7,18,8956.92,365,5,5,5,555
13971,19,8,2702.22,286,4,5,5,455
13972,71,2,190.25,202,3,2,1,321
13973,287,1,264.7,287,1,1,2,112
13974,49,1,413.59,49,3,1,2,312
13975,31,6,2438.19,277,4,5,5,455
13976,207,1,357.98,207,1,1,2,112
13978,15,2,196.79,45,4,2,1,421
13979,73,1,869.87,73,2,1,3,213
13980,60,1,200.14,60,3,1,1,311
13982,39,4,1861.11,365,3,4,4,344
13983,30,12,2590.46,367,4,5,5,455
13984,27,5,488.03,366,4,4,3,443
13985,4,15,7024.53,264,5,5,5,555
13986,17,1,320.46,17,4,1,2,412
13988,20,6,4098.8,255,4,5,5,455
13989,66,2,1266.08,239,3,2,4,324
13990,213,1,311.3,213,1,1,2,112
13991,12,6,847.54,143,5,5,3,553
13992,30,1,76.8,30,4,1,1,411
13993,43,9,3409.66,331,3,5,5,355
13994,4,6,2274.14,148,5,5,5,555
13995,15,5,1383.49,246,4,4,4,444
13999,10,12,3865.26,362,5,5,5,555
14000,211,1,633.71,211,1,1,3,113
14001,46,3,2030.33,373,3,3,5,335
14002,134,2,529.73,156,2,2,3,223
14004,43,7,4582.64,289,3,5,5,355
14005,10,5,2874.72,216,5,4,5,545
14006,116,3,962.19,312,2,3,4,234
14009,198,2,685.93,205,1,2,3,123
14012,278,1,328.8,278,1,1,2,112
14013,110,3,473.02,276,2,3,2,232
14014,77,1,505.18,77,2,1,3,213
14015,53,1,917.34,53,3,1,3,313
14016,162,4,4328.46,357,2,4,5,245
14019,47,3,1398.96,138,3,3,4,334
14020,17,2,642.8,88,4,2,3,423
14021,155,3,631.9,256,2,3,3,233
14022,225,1,440.0,225,1,1,2,112
14023,7,2,584.07,250,5,2,3,523
14024,122,2,327.7,124,2,3,2,232
14027,61,1,104.82,61,3,1,1,311
14029,63,2,467.66,144,3,3,2,332
14030,18,8,2358.84,366,4,5,5,455
14031,7,19,14634.64,372,5,5,5,555
14032,2,11,2929.84,367,5,5,5,555
14034,22,3,509.09,157,4,3,3,433
14035,29,5,1428.02,298,4,4,4,444
14036,285,1,626.65,285,1,1,3,113
14037,176,2,147.2,365,2,3,1,231
14038,78,3,1554.48,207,2,3,4,234
14039,33,1,152.2,33,3,1,1,311
14040,41,12,3487.59,331,3,5,5,355
14041,266,1,141.41,266,1,1,1,111
14044,27,4,646.42,310,4,4,3,443
14045,109,4,1659.75,374,2,4,4,244
14046,284,1,154.99,284,1,1,1,111
14047,9,5,1290.01,373,5,4,4,544
14048,305,1,375.13,305,1,1,2,112
14049,17,4,5536.15,318,4,4,5,445
14050,32,2,746.36,106,4,3,3,433
14051,1,23,15477.34,367,5,5,5,555
14052,20,1,225.36,20,4,1,1,411
14053,124,2,260.25,160,2,3,2,232
14054,65,1,92.46,65,3,1,1,311
14055,106,1,725.64,106,2,1,3,213
14056,1,23,8062.46,284,5,5,5,555
14057,24,17,6141.1,361,4,5,5,455
14059,267,1,183.6,267,1,1,1,111
14060,5,19,6135.38,373,5,5,5,555
14062,10,12,10464.85,364,5,5,5,555
14064,29,5,1168.92,274,4,4,4,444
14066,267,1,152.55,267,1,1,1,111
14067,64,2,374.7,97,3,3,2,332
14068,320,1,265.85,320,1,1,2,112
14071,4,8,1306.16,265,5,5,4,554
14073,32,1,139.54,32,4,1,1,411
14075,5,3,942.26,261,5,3,4,534
14076,129,1,118.67,129,2,1,1,211
14077,41,5,499.42,274,3,4,3,343
14078,102,6,1049.37,373,2,5,4,254
14079,125,1,375.1,125,2,1,2,212
14080,33,1,45.6,33,3,1,1,311
14081,302,2,891.77,369,1,3,3,133
14082,365,1,182.25,365,1,1,1,111
14083,4,9,1002.9,372,5,5,4,554
14085,2,18,4408.54,369,5,5,5,555
14087,3,1,178.72,3,5,1,1,511
14088,10,13,50415.49,322,5,5,5,555
14089,57,1,158.75,57,3,1,1,311
14090,325,1,76.32,325,1,1,1,111
14092,8,14,4063.1,358,5,5,5,555
14093,12,1,433.86,12,5,1,2,512
14096,4,17,57120.91,102,5,5,5,555
14098,37,1,147.35,37,3,1,1,311
14099,16,11,3092.97,355,4,5,5,455
14100,138,1,191.95,138,2,1,1,211
14101,74,6,5976.79,326,2,5,5,255
14102,5,5,1060.33,45,5,4,4,544
14104,155,2,216.21,166,2,3,1,231
14105,239,1,1260.33,239,1,1,4,114
14107,52,7,2688.48,364,3,5,5,355
14108,31,2,594.16,102,4,3,3,433
14109,73,1,80.2,73,2,1,1,211
14110,4,12,5669.65,267,5,5,5,555
14111,14,4,688.6,242,4,4,3,443
14112,23,7,2774.17,276,4,5,5,455
14113,4,4,1377.92,355,5,4,4,544
14114,274,2,386.53,331,1,3,2,132
14116,20,5,1382.74,122,4,4,4,444
14117,144,1,90.0,144,2,1,1,211
14121,4,4,2740.3,60,5,4,5,545
14124,84,1,419.58,84,2,1,2,212
14125,11,3,2720.63,78,5,3,5,535
14126,8,3,643.63,11,5,3,3,533
14127,123,3,709.71,311,2,3,3,233
14128,61,2,637.5,256,3,3,3,333
14129,2,5,1123.86,261,5,4,4,544
14130,319,1,480.91,319,1,1,3,113
14132,2,11,3580.13,184,5,5,5,555
14133,130,3,590.34,316,2,3,3,233
14135,2,15,4690.31,373,5,5,5,555
14138,2,2,965.88,64,5,3,4,534
14139,46,1,415.82,46,3,1,2,312
14140,4,2,920.05,32,5,3,4,534
14141,3,4,879.03,105,5,4,3,543
14142,373,1,311.81,373,1,1,2,112
14143,134,1,115.8,134,2,1,1,211
14145,47,4,3148.2,217,3,4,5,345
14146,9,5,2949.57,357,5,4,5,545
14147,78,2,468.4,286,2,3,2,232
14148,234,1,157.2,234,1,1,1,111
14149,221,1,259.43,221,1,1,2,112
14150,36,2,658.64,360,3,3,3,333
14152,75,2,611.09,234,2,3,3,233
14154,239,2,1345.62,239,1,3,4,134
14155,266,1,118.75,266,1,1,1,111
14156,10,55,113214.59,372,5,5,5,555
14157,20,2,392.44,285,4,3,2,432
14158,40,1,507.66,40,3,1,3,313
14159,20,11,4615.64,363,4,5,5,455
14161,216,3,1097.62,369,1,3,4,134
14162,174,2,289.36,293,2,3,2,232
14163,87,4,2445.91,239,2,4,5,245
14164,71,2,1631.77,81,3,3,4,334
14165,276,1,120.44,276,1,1,1,111
14167,39,4,562.59,331,3,4,3,343
14171,98,1,363.79,98,2,1,2,212
14173,11,4,450.84,219,5,4,2,542
14174,33,1,134.46,33,3,1,1,311
14175,60,3,3108.06,330,3,3,5,335
14176,297,4,574.0,368,1,4,3,143
14177,86,4,544.51,180,2,4,3,243
14178,9,7,1600.26,182,5,5,4,554
14179,41,2,701.57,52,3,3,3,333
14180,11,25,4640.77,372,5,5,5,555
14184,67,1,452.89,67,3,1,2,312
14185,331,1,197.65,331,1,1,1,111
14188,31,6,2018.91,310,4,5,4,454
14189,2,15,4604.31,369,5,5,5,555
14191,2,13,4660.01,221,5,5,5,555
14193,68,2,853.39,270,3,3,3,333
14194,5,21,11216.75,308,5,5,5,555
14195,202,2,962.7,252,1,3,4,134
14196,107,1,335.52,107,2,1,2,212
14198,18,4,663.5,239,4,4,3,443
14199,218,1,185.4,218,1,1,1,111
14201,60,7,688.04,359,3,5,3,353
14204,2,1,150.61,2,5,1,1,511
14205,17,2,218.78,264,4,3,1,431
14206,239,1,308.26,239,1,1,2,112
14208,95,1,151.74,95,2,1,1,211
14209,11,6,2067.13,332,5,5,5,555
14210,106,6,1900.89,372,2,5,4,254
14211,53,9,2208.3,295,3,5,5,355
14212,90,1,1070.48,90,2,1,4,214
14214,31,5,1000.23,278,4,4,4,444
14215,12,6,1777.92,368,5,5,4,554
14216,3,4,1839.3,38,5,4,4,544
14217,2,17,1925.36,366,5,5,4,554
14218,43,1,169.48,43,3,1,1,311
14219,4,1,89.94,4,5,1,1,511
14220,247,2,632.4,358,1,3,3,133
14221,42,9,3427.85,339,3,5,5,355
14222,177,1,683.17,177,2,1,3,213
14223,92,3,975.23,264,2,3,4,234
14224,110,4,1009.73,320,2,4,4,244
14226,29,5,2184.24,269,4,4,5,445
14227,26,10,3315.71,285,4,5,5,455
14229,52,3,1450.6,334,3,3,4,334
14231,184,3,822.06,289,1,3,3,133
14232,43,5,2043.93,265,3,4,5,345
14233,49,4,1447.51,318,3,4,4,344
14234,22,4,754.12,57,4,4,3,443
14235,75,5,3093.86,260,2,4,5,245
14236,81,2,490.86,372,2,3,3,233
14237,373,1,161.0,373,1,1,1,111
14238,326,1,146.85,326,1,1,1,111
14239,43,11,2323.5,316,3,5,5,355
14240,30,2,890.34,226,4,3,3,433
14241,184,1,213.7,184,1,1,1,111
14242,235,2,280.55,326,1,3,2,132
14243,9,10,2535.88,366,5,5,5,555
14245,220,2,1677.48,264,1,3,4,134
14246,111,3,1474.06,246,2,3,4,234
14247,278,1,136.77,278,1,1,1,111
14248,318,1,302.58,318,1,1,2,112
14250,7,3,1904.05,89,5,3,4,534
14251,2,5,2879.7,58,5,4,5,545
14256,260,2,935.06,365,1,3,4,134
14257,64,5,3087.27,319,3,4,5,345
14258,9,9,12650.08,338,5,5,5,555
14259,142,1,120.0,142,2,1,1,211
14261,51,2,1163.45,79,3,3,4,334
14262,8,8,2618.23,241,5,5,5,555
14264,155,2,319.47,246,2,3,2,232
14265,109,2,530.18,149,2,3,3,233
14267,163,3,1279.09,261,2,3,4,234
14270,332,1,492.65,332,1,1,3,113
14271,226,1,112.32,226,1,1,1,111
14272,74,2,437.96,254,2,3,2,232
14273,51,4,559.97,242,3,4,3,343
14276,99,3,1019.39,290,2,3,4,234
14277,15,3,3928.8,212,4,3,5,435
14280,197,1,134.04,197,1,1,1,111
14282,3,15,3701.44,368,5,5,5,555
14284,31,2,578.45,86,4,3,3,433
14285,21,4,1910.01,177,4,4,4,444
14286,24,3,4595.81,243,4,3,5,435
14287,8,3,151.23,199,5,3,1,531
14288,213,1,413.85,213,1,1,2,112
14289,9,6,911.26,290,5,5,3,553
14290,11,5,2307.45,362,5,4,5,545
14291,2,11,3873.3,275,5,5,5,555
14292,8,9,4819.33,283,5,5,5,555
14293,3,4,1046.56,369,5,4,4,544
14295,40,1,154.7,40,3,1,1,311
14297,18,4,1284.06,275,4,4,4,444
14298,8,44,50862.44,360,5,5,5,555
14299,8,9,2855.35,366,5,5,5,555
14300,19,1,43.2,19,4,1,1,411
14301,117,1,632.04,117,2,1,3,213
14304,223,1,197.1,223,1,1,1,111
14305,71,3,1803.76,135,3,3,4,334
14306,51,2,2083.42,86,3,3,5,335
14307,89,6,2995.72,374,2,5,5,255
14309,8,9,2319.68,358,5,5,5,555
14311,243,1,229.71,243,1,1,1,111
14312,47,6,1611.59,337,3,5,4,354
14314,107,1,120.0,107,2,1,1,211
14315,45,6,2456.98,266,3,5,5,355
14317,65,1,508.58,65,3,1,3,313
14320,207,2,343.11,333,1,3,2,132
14321,11,5,1530.75,334,5,4,4,544
14323,115,2,574.26,239,2,3,3,233
14326,242,1,166.85,242,1,1,1,111
14327,163,1,311.65,163,2,1,2,212
14329,17,7,4889.14,329,4,5,5,455
14331,124,2,462.66,135,2,3,2,232
14332,23,3,840.21,148,4,3,3,433
14333,68,1,351.45,68,3,1,2,312
14334,17,8,2539.46,358,4,5,5,455
14335,16,2,454.86,96,4,3,2,432
14336,17,4,1614.91,276,4,4,4,444
14338,161,2,554.22,196,2,3,3,233
14339,243,1,289.91,243,1,1,2,112
14340,219,1,134.7,219,1,1,1,111
14341,45,8,2151.08,318,3,5,5,355
14342,21,4,607.71,210,4,4,3,443
14344,127,8,889.93,369,2,5,3,253
14345,39,1,108.98,39,3,1,1,311
14346,121,2,1021.58,297,2,3,4,234
14348,260,1,409.57,260,1,1,2,112
14349,10,1,133.5,10,5,1,1,511
14350,274,1,258.7,274,1,1,2,112
14351,165,1,51.0,165,2,1,1,211
14352,157,4,1078.96,273,2,4,4,244
14353,215,1,90.6,215,1,1,1,111
14354,6,2,163.62,30,5,3,1,531
14355,366,1,174.4,366,1,1,1,111
14356,80,2,666.94,81,2,3,3,233
14357,43,1,225.12,43,3,1,1,311
14359,19,3,882.58,88,4,3,3,433
14360,32,4,2118.03,95,4,4,5,445
14362,22,1,151.5,22,4,1,1,411
14364,109,8,3717.35,211,2,5,5,255
14367,8,16,9134.12,276,5,5,5,555
14368,320,1,155.0,320,1,1,1,111
14371,295,1,100.5,295,1,1,1,111
14373,358,1,76.55,358,1,1,1,111
14375,185,1,235.56,185,1,1,1,111
14377,191,2,617.05,262,1,3,3,133
14379,44,2,348.1,295,3,3,2,332
14381,52,1,202.68,52,3,1,1,311
14382,26,1,615.49,26,4,1,3,413
14383,38,3,1247.69,164,3,3,4,334
14385,9,3,202.11,24,5,3,1,531
14386,297,1,142.4,297,1,1,1,111
14387,33,3,1727.6,109,3,3,4,334
14388,10,8,3172.04,373,5,5,5,555
14389,65,2,999.72,191,3,3,4,334
14390,10,9,4582.22,373,5,5,5,555
14393,218,1,67.95,218,1,1,1,111
14395,2,9,3444.11,372,5,5,5,555
14396,65,2,487.99,371,3,3,3,333
14397,3,19,2556.68,214,5,5,5,555
14400,149,1,559.7,149,2,1,3,213
14401,4,13,4039.98,360,5,5,5,555
14403,130,4,1426.31,247,2,4,4,244
14404,34,6,1409.72,369,3,5,4,354
14406,119,1,156.75,119,2,1,1,211
14407,107,6,2111.08,277,2,5,5,255
14408,11,7,2599.03,264,5,5,5,555
14409,71,6,1908.25,368,3,5,4,354
14410,92,9,573.45,306,2,5,3,253
14411,311,1,1063.0,311,1,1,4,114
14412,43,2,761.33,73,3,3,3,333
14413,362,1,121.05,362,1,1,1,111
14414,92,7,1485.13,359,2,5,4,254
14415,1,13,5766.85,360,5,5,5,555
14416,22,2,490.22,42,4,3,3,433
14418,4,3,1937.25,108,5,3,4,534
14419,11,6,1051.79,365,5,5,4,554
14420,99,1,385.87,99,2,1,2,212
14421,57,2,813.11,212,3,3,3,333
14422,1,6,4263.64,267,5,5,5,555
14423,218,1,265.2,218,1,1,2,112
14424,18,1,322.08,18,4,1,2,412
14426,24,10,3918.9,313,4,5,5,455
14427,50,2,363.34,64,3,3,2,332
14428,7,5,1209.37,325,5,4,4,544
14431,303,1,423.26,303,1,1,2,112
14432,10,6,2248.5,89,5,5,5,555
14434,22,6,1372.8,72,4,5,4,454
14436,99,1,89.06,99,2,1,1,211
14438,306,1,131.9,306,1,1,1,111
14439,320,1,2661.24,320,1,1,5,115
14440,8,5,2357.68,366,5,4,5,545
14441,1,4,1545.14,256,5,4,4,544
14442,205,2,1544.62,317,1,3,4,134
14443,54,4,1400.88,369,3,4,4,344
14446,1,4,1010.35,247,5,4,4,544
14447,19,5,1163.23,281,4,4,4,444
14448,9,2,375.35,364,5,3,2,532
14449,19,4,885.8,372,4,4,3,443
14450,181,3,483.25,321,1,3,3,133
14451,60,2,643.9,195,3,3,3,333
14452,11,2,259.05,94,5,3,2,532
14453,190,1,119.93,190,1,1,1,111
14456,5,9,3002.51,142,5,5,5,555
14457,311,1,113.64,311,1,1,1,111
14459,155,1,1837.92,155,2,1,4,214
14460,110,3,383.34,311,2,3,2,232
14461,148,3,2103.06,262,2,3,5,235
14462,66,11,1942.45,340,3,5,4,354
14463,98,3,529.62,205,2,3,3,233
14465,247,3,1038.44,303,1,3,4,134
14466,29,7,2272.4,372,4,5,5,455
14467,18,4,596.26,313,4,4,3,443
14470,12,2,461.19,288,5,3,2,532
14472,104,8,1852.67,355,2,5,4,254
14473,74,2,234.34,282,2,3,1,231
14474,46,1,537.71,46,3,1,3,313
14475,72,3,799.82,305,2,3,3,233
14476,257,1,193.0,257,1,1,1,111
14477,20,4,1307.81,297,4,4,4,444
14479,254,2,316.25,365,1,3,2,132
14480,11,1,279.05,11,5,1,2,512
14481,165,2,636.51,287,2,3,3,233
14482,18,6,2022.81,239,4,5,5,455
14483,282,1,129.2,282,1,1,1,111
14484,50,1,321.92,50,3,1,2,312
14485,39,1,162.8,39,3,1,1,311
14487,27,6,1152.73,368,4,5,4,454
14488,68,1,1047.43,68,3,1,4,314
14489,207,1,463.38,207,1,1,2,112
14491,175,2,340.93,373,2,3,2,232
14493,7,5,2362.84,155,5,4,5,545
14494,26,1,139.56,26,4,1,1,411
14495,51,2,123.8,121,3,3,1,331
14496,312,2,538.81,373,1,3,3,133
14497,309,1,457.47,309,1,1,2,112
14498,43,5,1957.32,362,3,4,4,344
14499,26,3,808.44,279,4,3,3,433
14500,88,3,356.85,190,2,3,2,232
14501,184,2,190.31,320,1,3,1,131
14502,20,11,2310.18,313,4,5,5,455
14503,3,6,3543.26,179,5,5,5,555
14504,47,4,673.26,278,3,4,3,343
14505,17,8,5772.49,362,4,5,5,455
14506,17,5,1960.65,369,4,4,4,444
14507,24,6,1352.88,276,4,5,4,454
14508,22,2,268.05,90,4,3,2,432
14511,11,5,1267.41,134,5,4,4,544
14512,188,2,275.28,232,1,3,2,132
14513,101,3,438.49,289,2,3,2,232
14514,61,3,990.2,331,3,3,4,334
14515,18,6,2076.89,219,4,5,5,455
14517,33,2,330.45,142,3,3,2,332
14518,64,1,174.37,64,3,1,1,311
14520,2,2,270.6,291,5,3,2,532
14522,24,4,974.54,198,4,4,4,444
14523,108,1,241.09,108,2,1,1,211
14524,32,9,1843.83,361,4,5,4,454
14525,20,9,4105.07,361,4,5,5,455
14527,3,55,7709.69,369,5,5,5,555
14528,37,1,364.22,37,3,1,2,312
14529,60,3,578.61,110,3,3,3,333
14530,26,6,2862.11,297,4,5,5,455
14532,236,4,932.85,352,1,4,4,144
14533,25,7,1812.62,353,4,5,4,454
14534,3,18,4025.6,319,5,5,5,555
14535,60,3,2831.74,249,3,3,5,335
14536,260,1,170.95,260,1,1,1,111
14537,58,1,355.56,58,3,1,2,312
14538,65,2,388.25,256,3,3,2,332
14539,16,2,537.48,45,4,3,3,433
14540,10,3,952.66,309,5,3,4,534
14541,59,8,1453.35,319,3,5,4,354
14542,186,1,103.25,186,1,1,1,111
14543,29,16,2916.17,365,4,5,5,455
14544,24,2,2004.3,362,4,3,4,434
14546,5,5,2482.86,249,5,4,5,545
14547,4,8,3953.95,54,5,5,5,555
14548,151,2,652.8,318,2,3,3,233
14549,311,1,289.24,311,1,1,2,112
14550,11,2,757.37,45,5,3,3,533
14551,18,2,186.23,204,4,3,1,431
14552,152,1,164.22,152,2,1,1,211
14553,19,5,859.27,339,4,4,3,443
14554,10,4,2279.49,52,5,4,5,545
14555,57,2,312.54,302,3,3,2,332
14560,7,22,2174.18,358,5,5,5,555
14561,76,3,1080.76,184,2,3,4,234
14562,4,18,4676.62,304,5,5,5,555
14565,96,4,3073.77,361,2,4,5,245
14566,111,1,1432.0,111,2,1,4,214
14567,57,2,1524.46,130,3,3,4,334
14569,1,1,227.39,1,5,1,1,511
14570,281,2,218.06,281,1,3,1,131
14572,3,7,2775.39,324,5,5,5,555
14573,180,9,1590.12,372,1,5,4,154
14576,372,1,35.4,372,1,1,1,111
14577,13,4,859.71,363,5,4,3,543
14578,3,1,168.63,3,5,1,1,511
14581,17,1,138.6,17,4,1,1,411
14582,41,1,114.11,41,3,1,1,311
14583,6,5,986.96,206,5,4,4,544
14584,169,4,1020.06,198,2,4,4,244
14585,50,1,157.05,50,3,1,1,311
14586,277,1,134.16,277,1,1,1,111
14587,19,9,1577.39,331,4,5,4,454
14589,372,1,39.75,372,1,1,1,111
14591,15,4,1320.21,213,4,4,4,444
14592,35,3,557.94,64,3,3,3,333
14593,22,3,617.15,199,4,3,3,433
14594,7,2,363.33,373,5,3,2,532
14595,20,6,1740.6,313,4,5,4,454
14597,11,2,866.24,192,5,3,3,533
14598,44,1,221.97,44,3,1,1,311
14600,306,1,393.33,306,1,1,2,112
14601,11,1,213.96,11,5,1,1,511
14603,275,1,660.0,275,1,1,3,113
14606,1,93,11633.35,373,5,5,5,555
14607,16,14,10981.1,261,4,5,5,455
14608,4,4,1785.15,362,5,4,4,544
14609,72,4,601.56,297,2,4,3,243
14616,243,3,406.08,318,1,3,2,132
14618,9,3,538.59,338,5,3,3,533
14619,246,1,379.51,246,1,1,2,112
14620,206,2,393.28,284,1,3,2,132
14621,1,5,1765.76,358,5,4,4,544
14622,185,1,320.58,185,1,1,2,112
14623,32,5,866.8,235,4,4,3,443
14624,57,2,225.85,59,3,3,1,331
14625,196,2,848.48,361,1,3,3,133
14626,24,4,2757.07,233,4,4,5,445
14628,91,2,671.96,242,2,3,3,233
14629,4,2,935.46,47,5,3,4,534
14631,51,3,1006.98,299,3,3,4,334
14632,263,1,114.56,263,1,1,1,111
14633,266,1,344.9,266,1,1,2,112
14636,36,2,609.85,269,3,3,3,333
14638,51,1,443.6,51,3,1,2,312
14639,52,6,2952.34,361,3,5,5,355
14640,24,6,2024.45,228,4,5,5,455
14641,22,1,110.46,22,4,1,1,411
14642,59,1,96.12,59,3,1,1,311
14643,170,2,668.61,358,2,3,3,233
14644,68,2,780.46,298,3,3,3,333
14645,157,2,597.09,276,2,3,3,233
14646,2,73,279489.02,355,5,5,5,555
14647,201,1,236.04,201,1,1,1,111
14649,5,4,1402.59,212,5,4,4,544
14651,67,2,653.75,211,3,3,3,333
14652,77,1,114.18,77,2,1,1,211
14653,1,7,1926.65,338,5,5,4,554
14655,8,4,1930.15,222,5,4,4,544
14656,169,2,291.05,283,2,3,2,232
14657,18,4,838.27,326,4,4,3,443
14658,5,2,247.15,117,5,3,2,532
14659,9,9,2456.53,316,5,5,5,555
14660,87,2,285.74,101,2,3,2,232
14661,27,1,107.95,27,4,1,1,411
14662,29,4,741.37,316,4,4,3,443
14664,20,2,636.24,33,4,3,3,433
14665,61,5,1258.38,311,3,4,4,344
14666,24,1,195.25,24,4,1,1,411
14667,11,25,9165.04,368,5,5,5,555
14669,242,3,1259.24,333,1,3,4,134
14670,280,2,392.86,280,1,3,2,132
14672,235,2,765.55,336,1,3,3,133
14673,3,5,1736.4,368,5,4,4,544
14675,16,1,596.36,16,4,1,3,413
14676,31,6,2543.24,283,4,5,5,455
14680,25,16,26932.34,372,4,5,5,455
14681,71,3,498.95,212,3,3,3,333
14682,188,2,52.0,201,1,3,1,131
14684,26,5,1201.51,363,4,4,4,444
14687,107,1,628.38,107,2,1,3,213
14688,8,21,5055.61,374,5,5,5,555
14689,209,1,112.8,209,1,1,1,111
14690,44,2,341.96,152,3,3,2,332
14691,31,5,2114.33,213,4,4,5,445
14692,137,4,582.05,322,2,4,3,243
14693,265,1,172.9,265,1,1,1,111
14696,4,7,2070.97,373,5,5,5,555
14697,218,2,188.61,218,1,3,1,131
14698,2,5,1217.27,51,5,4,4,544
14699,214,1,109.13,214,1,1,1,111
14700,32,3,2195.1,238,4,3,5,435
14701,11,9,2462.94,317,5,5,5,555
14702,1,17,3210.29,365,5,5,5,555
14703,15,1,318.17,15,4,1,2,412
14704,11,9,1493.96,180,5,5,4,554
14705,199,1,179.0,199,1,1,1,111
14708,3,3,1096.67,369,5,3,4,534
14709,15,13,4911.14,358,4,5,5,455
14710,14,4,599.48,59,4,4,3,443
14711,10,11,2809.02,262,5,5,5,555
14712,29,3,917.07,112,4,3,3,433
14713,9,11,2660.1,365,5,5,5,555
14714,24,1,160.19,24,4,1,1,411
14715,25,4,867.38,331,4,4,3,443
14716,43,2,307.51,149,3,3,2,332
14719,2,5,1571.89,249,5,4,4,544
14720,6,3,663.81,127,5,3,3,533
14722,147,1,180.42,147,2,1,1,211
14723,10,6,1122.36,371,5,5,4,554
14725,25,1,655.58,25,4,1,3,413
14727,274,1,268.58,274,1,1,2,112
14729,374,1,313.49,374,1,1,2,112
14730,1,8,1897.57,277,5,5,4,554
14731,47,3,380.02,212,3,3,2,332
14732,8,8,2686.34,339,5,5,5,555
14733,16,12,9451.54,368,4,5,5,455
14735,4,32,5807.69,358,5,5,5,555
14737,4,3,1164.55,353,5,3,4,534
14738,43,7,1289.94,316,3,5,4,354
14739,4,7,3899.1,367,5,5,5,555
14740,197,3,1423.21,284,1,3,4,134
14741,12,6,1400.34,373,5,5,4,554
14744,16,7,1088.53,367,4,5,4,454
14745,113,5,1167.16,285,2,4,4,244
14747,249,1,294.3,249,1,1,2,112
14748,29,5,1311.79,369,4,4,4,444
14752,44,1,389.64,44,3,1,2,312
14753,87,1,563.15,87,2,1,3,213
14754,45,2,638.05,296,3,3,3,333
14755,10,11,4965.38,334,5,5,5,555
14756,15,1,738.96,15,4,1,3,413
14757,75,1,420.5,75,2,1,2,212
14758,145,4,1484.06,260,2,4,4,244
14759,5,3,1625.97,233,5,3,4,534
14760,297,1,53.8,297,1,1,1,111
14761,59,2,255.9,335,3,3,2,332
14762,264,1,300.52,264,1,1,2,112
14764,47,1,250.55,47,3,1,2,312
14765,29,3,254.11,176,4,3,2,432
14766,8,6,2423.07,366,5,5,5,555
14768,17,2,139.5,127,4,3,1,431
14769,3,8,10383.83,358,5,5,5,555
14770,232,2,876.42,323,1,3,3,133
14772,112,1,139.26,112,2,1,1,211
14775,58,3,1011.9,372,3,3,4,334
14776,51,11,2195.58,312,3,5,5,355
14778,127,2,730.86,309,2,3,3,233
14779,281,3,386.15,324,1,3,2,132
14780,55,2,447.68,79,3,3,2,332
14782,320,1,200.1,320,1,1,1,111
14784,26,2,289.99,324,4,3,2,432
14785,10,2,77.4,15,5,3,1,531
14788,7,2,679.44,26,5,3,3,533
14789,29,1,197.64,29,4,1,1,411
14790,17,4,745.06,254,4,4,3,443
14793,21,1,214.14,21,4,1,1,411
14794,3,7,1272.11,334,5,5,4,554
14795,166,1,131.45,166,2,1,1,211
14796,1,17,7792.51,367,5,5,5,555
14798,53,3,173.74,310,3,3,1,331
14799,51,1,157.7,51,3,1,1,311
14800,48,12,4228.39,370,3,5,5,355
14801,61,1,189.34,61,3,1,1,311
14803,162,3,845.55,292,2,3,3,233
14804,9,1,353.27,9,5,1,2,512
14805,15,4,546.4,314,4,4,3,443
14806,75,1,193.39,75,2,1,1,211
14808,40,8,2152.8,172,3,5,5,355
14810,41,11,2085.33,370,3,5,5,355
14813,370,2,152.88,370,1,3,1,131
14815,37,2,778.5,68,3,3,3,333
14816,197,1,271.85,197,1,1,2,112
14817,200,2,1110.34,277,1,3,4,134
14818,74,3,657.8,254,2,3,3,233
14819,64,2,272.07,192,3,3,2,332
14820,21,4,507.29,173,4,4,3,443
14821,367,1,48.8,367,1,1,1,111
14823,180,3,321.43,195,1,3,2,132
14824,10,4,1127.71,91,5,4,4,544
14825,4,12,2221.01,369,5,5,5,555
14828,197,3,2139.76,337,1,3,5,135
14829,29,4,644.65,372,4,4,3,443
14830,53,1,188.88,53,3,1,1,311
14834,18,6,1698.35,240,4,5,4,454
14836,10,3,102.45,30,5,3,1,531
14837,90,4,1641.2,202,2,4,4,244
14840,268,1,62.85,268,1,1,1,111
14841,53,6,3295.76,359,3,5,5,355
14842,44,4,2456.8,308,3,4,5,345
14844,64,4,3189.81,241,3,4,5,345
14847,149,1,309.4,149,2,1,2,212
14849,22,25,7904.28,374,4,5,5,455
14850,312,1,278.15,312,1,1,2,112
14851,23,2,511.35,256,4,3,3,433
14852,58,6,2836.69,252,3,5,5,355
14853,24,2,463.05,211,4,3,2,432
14854,78,7,2730.09,275,2,5,5,255
14855,119,2,645.65,135,2,3,3,233
14856,36,3,1290.53,57,3,3,4,334
14857,60,2,1165.65,148,3,3,4,334
14859,13,4,1352.04,204,5,4,4,544
14860,19,1,168.62,19,4,1,1,411
14861,52,1,125.79,52,3,1,1,311
14862,26,2,841.2,149,4,3,3,433
14863,29,1,266.76,29,4,1,2,412
14865,7,2,52.2,372,5,3,1,531
14866,11,12,14197.45,366,5,5,5,555
14867,186,3,701.33,336,1,3,3,133
14868,3,8,2939.64,233,5,5,5,555
14869,9,2,717.7,103,5,3,3,533
14870,262,1,327.25,262,1,1,2,112
14871,3,4,501.28,361,5,4,3,543
14873,210,1,519.68,210,1,1,3,113
14875,108,2,1448.72,263,2,3,4,234
14878,13,9,1476.09,359,5,5,4,554
14880,77,3,690.59,289,2,3,3,233
14881,20,1,255.4,20,4,1,2,412
14882,27,2,589.7,34,4,3,3,433
14883,19,6,756.64,212,4,5,3,453
14885,132,1,765.32,132,2,1,3,213
14886,253,1,364.8,253,1,1,2,112
14887,79,1,1862.0,79,2,1,4,214
14888,207,1,369.2,207,1,1,2,112
14889,336,1,135.9,336,1,1,1,111
14890,254,1,125.65,254,1,1,1,111
14891,148,2,554.38,188,2,3,3,233
14893,10,2,1237.85,12,5,3,4,534
14894,85,1,655.75,85,2,1,3,213
14895,8,20,11020.26,290,5,5,5,555
14896,205,2,468.77,366,1,3,2,132
14897,8,4,1366.38,297,5,4,4,544
14898,23,6,1194.11,371,4,5,4,454
14901,11,9,1414.99,373,5,5,4,554
14902,26,1,314.11,26,4,1,2,412
14903,21,5,2729.18,279,4,4,5,445
14904,2,2,1025.44,26,5,3,4,534
14905,158,2,599.9,234,2,3,3,233
14907,3,7,3478.85,368,5,5,5,555
14908,74,1,277.8,74,2,1,2,212
14910,3,4,389.86,55,5,4,2,542
14911,1,201,132458.73,373,5,5,5,555
14912,17,2,841.52,247,4,3,3,433
14913,36,4,1227.43,359,3,4,4,344
14915,91,2,258.83,278,2,3,2,232
14916,71,4,1264.84,324,3,4,4,344
14918,116,2,1610.15,155,2,3,4,234
14920,213,2,977.77,213,1,3,4,134
14921,30,2,1316.07,201,4,3,4,434
14923,51,1,749.1,51,3,1,3,313
14924,246,1,310.05,246,1,1,2,112
14929,32,1,223.88,32,4,1,1,411
14930,109,3,2362.96,274,2,3,5,235
14931,5,5,964.68,241,5,4,4,544
14932,366,1,363.53,366,1,1,2,112
14934,82,2,1888.84,283,2,3,4,234
14935,297,1,1784.71,297,1,1,4,114
14936,34,8,8117.42,276,3,5,5,355
14937,57,3,1617.63,130,3,3,4,334
14944,30,12,5842.95,297,4,5,5,455
14946,14,1,100.9,14,4,1,1,411
14947,72,2,290.82,131,2,3,2,232
14948,23,6,1066.57,219,4,5,4,454
14950,19,1,361.25,19,4,1,2,412
14951,79,1,311.69,79,2,1,2,212
14952,60,11,7912.79,365,3,5,5,355
14953,25,1,285.67,25,4,1,2,412
14954,12,1,294.85,12,5,1,2,512
14957,253,1,58.49,253,1,1,1,111
14958,147,3,483.73,246,2,3,3,233
14959,64,4,684.97,296,3,4,3,343
14960,8,2,221.27,171,5,3,1,531
14961,11,9,7006.58,361,5,5,5,555
14962,271,1,126.7,271,1,1,1,111
14963,10,5,1472.34,184,5,4,4,544
14964,247,1,206.21,247,1,1,1,111
14965,96,2,596.09,96,2,3,3,233
14966,15,1,183.02,15,4,1,1,411
14967,50,1,463.8,50,3,1,2,312
14968,30,1,147.59,30,4,1,1,411
14970,68,4,1592.06,317,3,4,4,344
14971,35,3,1097.98,43,3,3,4,334
14972,128,1,114.77,128,2,1,1,211
14973,107,3,1314.45,226,2,3,4,234
14974,37,1,89.94,37,3,1,1,311
14975,57,1,279.94,57,3,1,2,312
14976,57,7,765.86,327,3,5,3,353
14978,72,5,1921.37,331,2,4,4,244
14981,246,1,102.12,246,1,1,1,111
14984,19,2,202.37,181,4,3,1,431
14985,198,2,292.01,358,1,3,2,132
14987,16,2,326.4,366,4,3,2,432
14988,212,1,334.54,212,1,1,2,112
14995,39,2,231.98,280,3,3,1,331
14997,46,3,540.98,178,3,3,3,333
14998,170,2,414.87,241,2,3,2,232
15000,48,1,490.52,48,3,1,3,313
15002,116,4,1641.76,367,2,4,4,244
15004,147,1,1220.77,147,2,1,4,214
15005,16,28,6160.54,366,4,5,5,455
15006,51,1,480.38,51,3,1,3,313
15007,159,1,156.91,159,2,1,1,211
15009,12,3,1259.43,25,5,3,4,534
15010,36,1,308.94,36,3,1,2,312
15012,54,2,405.04,374,3,3,2,332
15014,43,2,257.67,176,3,3,2,332
15016,173,1,170.04,173,2,1,1,211
15017,34,1,125.58,34,3,1,1,311
15018,39,3,456.26,368,3,3,2,332
15019,267,1,252.81,267,1,1,2,112
15021,9,9,1829.23,367,5,5,4,554
15022,12,4,852.39,47,5,4,3,543
15023,3,11,6680.81,369,5,5,5,555
15024,10,10,1636.43,367,5,5,4,554
15025,33,1,361.96,33,3,1,2,312
15026,80,3,469.0,277,2,3,2,232
15027,31,4,1051.95,238,4,4,4,444
15028,8,4,627.13,369,5,4,3,543
15030,72,2,518.28,268,2,3,3,233
15031,4,4,653.19,282,5,4,3,543
15032,256,3,4464.1,366,1,3,5,135
15033,5,10,2541.53,329,5,5,5,555
15034,16,8,4243.21,354,4,5,5,455
15035,90,1,252.73,90,2,1,2,212
15036,72,3,429.56,180,2,3,2,232
15038,59,6,645.84,370,3,5,3,353
15039,10,47,19638.59,369,5,5,5,555
15041,170,1,179.93,170,2,1,1,211
15042,199,1,135.93,199,1,1,1,111
15043,31,1,537.0,31,4,1,3,413
15044,19,17,7563.88,362,4,5,5,455
15045,152,2,633.66,258,2,3,3,233
15046,9,15,4940.66,338,5,5,5,555
15047,270,1,343.62,270,1,1,2,112
15048,65,4,377.52,369,3,4,2,342
15049,274,1,121.17,274,1,1,1,111
15050,25,3,1682.77,71,4,3,4,434
15051,23,3,1383.36,150,4,3,4,434
15052,319,1,207.73,319,1,1,1,111
15053,5,3,693.95,282,5,3,3,533
15054,12,2,302.1,40,5,3,2,532
15057,275,2,1489.5,316,1,3,4,134
15058,25,11,2102.54,312,4,5,5,455
15059,41,9,1325.82,335,3,5,4,354
15060,8,4,294.25,9,5,4,2,542
15061,4,48,54228.74,372,5,5,5,555
15062,71,4,987.86,359,3,4,4,344
15063,213,1,370.8,213,1,1,2,112
15065,38,4,3135.98,291,3,4,5,345
15066,53,1,760.59,53,3,1,3,313
15067,78,3,1744.76,283,2,3,4,234
15068,46,2,553.36,256,3,3,3,333
15069,179,1,1109.53,179,1,1,4,114
15070,373,1,106.2,373,1,1,1,111
15071,94,2,982.07,276,2,3,4,234
15073,10,3,612.43,187,5,3,3,533
15074,105,1,735.67,105,2,1,3,213
15075,78,1,773.03,78,2,1,3,213
15076,173,1,880.85,173,2,1,3,213
15078,7,32,9623.35,369,5,5,5,555
15079,213,4,893.66,366,1,4,3,143
15081,22,5,487.35,367,4,4,3,443
15083,257,1,88.2,257,1,1,1,111
15087,282,1,306.94,282,1,1,2,112
15088,21,2,1140.27,67,4,3,4,434
15089,10,6,2420.84,128,5,5,5,555
15090,308,1,381.32,308,1,1,2,112
15091,68,1,476.96,68,3,1,2,312
15092,215,2,457.81,284,1,3,2,132
15093,18,6,4410.14,372,4,5,5,455
15095,104,4,1364.7,203,2,4,4,244
15096,43,1,219.39,43,3,1,1,311
15097,4,1,248.08,4,5,1,2,512
15098,182,3,649.5,182,1,3,3,133
15099,84,1,410.48,84,2,1,2,212
15100,334,3,635.1,374,1,3,3,133
15101,9,2,310.03,359,5,3,2,532
15103,31,2,703.36,86,4,3,3,433
15104,197,2,968.64,282,1,3,4,134
15105,18,7,2298.93,135,4,5,5,455
15106,18,5,1407.73,269,4,4,4,444
15107,311,6,247.66,372,1,5,2,152
15108,142,4,1291.75,228,2,4,4,244
15109,246,1,463.75,246,1,1,2,112
15110,24,4,973.2,319,4,4,4,444
15111,29,3,1567.48,373,4,3,4,434
15113,10,3,3339.51,54,5,3,5,535
15114,30,10,2760.56,302,4,5,5,455
15115,18,1,340.11,18,4,1,2,412
15116,18,4,1352.75,205,4,4,4,444
15117,15,5,1550.13,216,4,4,4,444
15118,134,1,244.8,134,2,1,2,212
15119,246,1,266.4,246,1,1,2,112
15120,134,1,343.82,134,2,1,2,212
15121,50,2,457.72,289,3,3,2,332
15122,114,3,1612.13,298,2,3,4,234
15123,7,2,2199.31,206,5,3,5,535
15124,23,2,184.19,192,4,3,1,431
15125,25,15,11117.05,271,4,5,5,455
15127,66,1,406.53,66,3,1,2,312
15128,60,4,1419.54,220,3,4,4,344
15129,50,11,3447.4,292,3,5,5,355
15130,170,1,330.11,170,2,1,2,212
15132,18,5,977.93,263,4,4,4,444
15133,128,3,982.42,302,2,3,4,234
15134,15,8,1387.99,241,4,5,4,454
15135,239,1,127.15,239,1,1,1,111
15136,3,4,1282.45,96,5,4,4,544
15139,240,2,178.96,337,1,3,1,131
15140,52,7,2350.0,264,3,5,5,355
15142,46,1,498.74,46,3,1,3,313
15143,226,1,259.45,226,1,1,2,112
15144,8,17,6530.04,312,5,5,5,555
15145,4,4,1194.73,248,5,4,4,544
15146,165,2,1313.66,291,2,3,4,234
15147,240,1,608.65,240,1,1,3,113
15148,11,1,301.29,11,5,1,2,512
15149,134,1,520.8,134,2,1,3,213
15150,17,10,5280.83,269,4,5,5,455
15152,10,13,4684.24,187,5,5,5,555
15153,31,1,329.25,31,4,1,2,412
15154,75,1,224.73,75,2,1,1,211
15156,1,3,961.49,34,5,3,4,534
15157,4,3,1869.5,358,5,3,4,534
15158,45,1,401.4,45,3,1,2,312
15159,2,30,18573.68,361,5,5,5,555
15160,357,1,158.16,357,1,1,1,111
15163,18,2,304.47,192,4,3,2,432
15164,69,3,824.58,339,3,3,3,333
15165,373,1,487.75,373,1,1,3,113
15167,321,1,158.8,321,1,1,1,111
15168,26,1,106.56,26,4,1,1,411
15171,331,1,1034.5,331,1,1,4,114
15172,9,5,1624.05,237,5,4,4,544
15174,323,1,135.75,323,1,1,1,111
15175,72,1,224.14,72,2,1,1,211
15178,260,1,40.5,260,1,1,1,111
15179,18,5,2186.2,319,4,4,5,445
15180,367,1,87.5,367,1,1,1,111
15181,66,3,680.28,270,3,3,3,333
15182,154,2,622.85,269,2,3,3,233
15184,29,2,402.2,191,4,3,2,432
15185,70,1,310.62,70,3,1,2,312
15186,14,2,411.41,168,4,3,2,432
15187,2,16,4670.08,212,5,5,5,555
15189,1,41,15802.14,333,5,5,5,555
15192,120,3,1044.32,365,2,3,4,234
15193,61,1,499.32,61,3,1,3,313
15194,3,15,7521.17,368,5,5,5,555
15195,3,1,3861.0,3,5,1,5,515
15197,11,3,656.44,358,5,3,3,533
15198,92,2,193.64,124,2,3,1,231
15199,59,4,1268.7,308,3,4,4,344
15201,87,5,927.84,247,2,4,4,244
15203,26,6,1827.8,312,4,5,4,454
15204,357,1,316.58,357,1,1,2,112
15205,85,2,648.83,127,2,3,3,233
15206,10,4,420.3,276,5,4,2,542
15208,1,5,867.62,353,5,4,3,543
15210,225,1,331.18,225,1,1,2,112
15211,60,2,894.41,365,3,3,3,333
15212,241,1,88.95,241,1,1,1,111
15213,319,2,325.05,330,1,3,2,132
15214,2,8,1661.44,243,5,5,4,554
15215,47,3,615.99,97,3,3,3,333
15216,88,1,96.6,88,2,1,1,211
15218,11,11,5756.89,319,5,5,5,555
15219,176,1,305.75,176,2,1,2,212
15220,52,6,1758.92,281,3,5,4,354
15221,366,1,114.1,366,1,1,1,111
15222,319,1,585.0,319,1,1,3,113
15223,226,2,454.9,250,1,3,2,132
15224,358,2,310.48,363,1,3,2,132
15225,234,1,409.4,234,1,1,2,112
15226,311,1,154.41,311,1,1,1,111
15227,37,5,1219.4,317,3,4,4,344
15228,66,4,3376.96,295,3,4,5,345
15230,239,2,429.6,241,1,3,2,132
15232,113,2,612.06,141,2,3,3,233
15234,277,1,197.0,277,1,1,1,111
15235,218,12,2247.51,373,1,5,5,155
15236,299,1,321.05,299,1,1,2,112
15237,2,4,1412.32,227,5,4,4,544
15238,29,3,1056.54,184,4,3,4,434
15239,10,2,764.34,79,5,3,3,533
15240,45,5,1685.57,312,3,4,4,344
15241,67,8,1738.59,284,3,5,4,354
15243,74,1,316.68,74,2,1,2,212
15244,65,2,631.57,248,3,3,3,333
15245,134,3,2515.84,261,2,3,5,235
15246,238,2,514.15,359,1,3,3,133
15247,122,1,356.0,122,2,1,2,212
15249,32,13,6657.36,257,4,5,5,455
15251,9,11,10327.11,242,5,5,5,555
15252,36,2,740.78,183,3,3,3,333
15253,16,5,915.3,170,4,4,3,443
15254,127,1,300.36,127,2,1,2,212
15255,67,1,890.85,67,3,1,3,313
15256,149,1,98.45,149,2,1,1,211
15257,283,1,232.15,283,1,1,1,111
15258,169,2,623.16,217,2,3,3,233
15260,100,7,1780.77,373,2,5,4,254
15261,135,1,254.82,135,2,1,2,212
15262,324,1,178.95,324,1,1,1,111
15263,107,1,156.51,107,2,1,1,211
15264,64,1,393.74,64,3,1,2,312
15265,151,2,1506.12,236,2,3,4,234
15266,338,1,119.3,338,1,1,1,111
15267,22,5,1717.36,183,4,4,4,444
15269,24,1,408.8,24,4,1,2,412
15270,16,7,2298.2,310,4,5,5,455
15271,7,15,2472.09,365,5,5,5,555
15272,57,2,721.94,86,3,3,3,333
15274,4,2,716.57,18,5,3,3,533
15275,38,1,609.19,38,3,1,3,313
15276,66,1,128.63,66,3,1,1,311
15277,47,1,255.9,47,3,1,2,312
15279,355,1,277.41,355,1,1,2,112
15280,172,1,113.12,172,2,1,1,211
15281,59,9,2239.95,333,3,5,5,355
15286,50,1,240.55,50,3,1,1,311
15287,22,2,485.24,71,4,3,3,433
15288,43,5,2306.52,365,3,4,5,345
15289,29,3,935.1,250,4,3,4,434
15290,5,18,7803.77,359,5,5,5,555
15291,26,15,4596.51,374,4,5,5,455
15292,201,1,178.39,201,1,1,1,111
15296,51,6,3610.31,327,3,5,5,355
15297,10,3,635.04,64,5,3,3,533
15298,2,12,3774.1,366,5,5,5,555
15299,67,7,3787.09,372,3,5,5,355
15300,64,1,496.44,64,3,1,3,313
15301,51,12,5007.72,369,3,5,5,355
15303,290,1,574.02,290,1,1,3,113
15304,61,8,680.3,369,3,5,3,353
15306,64,3,1174.35,148,3,3,4,334
15307,96,1,205.3,96,2,1,1,211
15308,274,1,302.27,274,1,1,2,112
15311,1,91,59284.19,374,5,5,5,555
15312,75,4,921.1,354,2,4,4,244
15313,110,1,52.0,110,2,1,1,211
15314,199,1,327.97,199,1,1,2,112
15315,64,2,551.54,116,3,3,3,333
15316,327,1,165.0,327,1,1,1,111
15318,4,1,312.62,4,5,1,2,512
15319,284,1,204.5,284,1,1,1,111
15320,44,1,267.13,44,3,1,2,312
15321,71,3,2663.48,292,3,3,5,335
15322,86,1,602.97,86,2,1,3,213
15325,104,1,161.74,104,2,1,1,211
15326,334,1,311.71,334,1,1,2,112
15327,53,1,208.75,53,3,1,1,311
15329,39,3,1005.5,172,3,3,4,334
15330,32,2,714.96,61,4,3,3,433
15332,366,4,1661.06,370,1,4,4,144
15333,208,1,1028.56,208,1,1,4,114
15334,157,3,350.82,173,2,3,2,232
15335,54,1,170.22,54,3,1,1,311
15339,66,2,557.57,318,3,3,3,333
15341,81,1,2020.52,81,2,1,5,215
15342,130,1,391.76,130,2,1,2,212
15343,87,1,364.5,87,2,1,2,212
15344,1,3,476.58,74,5,3,2,532
15345,46,1,367.69,46,3,1,2,312
15346,333,1,252.42,333,1,1,2,112
15347,366,1,201.6,366,1,1,1,111
15348,72,1,158.04,72,2,1,1,211
15349,158,2,463.91,187,2,3,2,232
15350,373,1,115.65,373,1,1,1,111
15351,12,7,1836.69,370,5,5,4,554
15353,255,2,770.12,368,1,3,3,133
15355,29,2,277.05,53,4,3,2,432
15356,31,10,2718.03,368,4,5,5,455
15358,5,22,8235.65,366,5,5,5,555
15360,40,1,427.93,40,3,1,2,312
15361,362,1,418.92,362,1,1,2,112
15363,373,1,318.05,373,1,1,2,112
15364,96,2,913.19,254,2,3,3,233
15365,26,7,1330.45,315,4,5,4,454
15366,75,2,602.51,358,2,3,3,233
15367,57,4,1867.69,275,3,4,4,344
15368,21,1,446.94,21,4,1,2,412
15370,41,7,2360.55,333,3,5,5,355
15372,137,1,2007.4,137,2,1,4,214
15373,8,12,2213.11,371,5,5,5,555
15374,129,1,168.0,129,2,1,1,211
15376,40,3,1221.56,222,3,3,4,334
15379,169,7,3631.89,358,2,5,5,255
15380,9,5,1682.36,365,5,4,4,544
15381,214,2,596.85,268,1,3,3,133
15382,15,6,5927.86,296,4,5,5,455
15384,170,2,635.76,360,2,3,3,233
15385,40,1,316.88,40,3,1,2,312
15386,186,1,394.14,186,1,1,2,112
15388,270,1,140.54,270,1,1,1,111
15389,172,1,500.0,172,2,1,3,213
15392,5,4,1515.73,360,5,4,4,544
15393,16,2,231.86,281,4,3,1,431
15394,10,4,2183.54,359,5,4,5,545
15395,326,1,107.45,326,1,1,1,111
15396,113,1,288.18,113,2,1,2,212
15397,290,1,94.0,290,1,1,1,111
15398,16,2,1339.63,78,4,3,4,434
15399,1,3,815.77,79,5,3,3,533
15400,92,5,666.7,279,2,4,3,243
15402,149,2,626.77,196,2,3,3,233
15405,189,1,349.1,189,1,1,2,112
15406,31,2,426.61,301,4,3,2,432
15407,34,4,1046.74,305,3,4,4,344
15408,264,1,267.18,264,1,1,2,112
15410,84,8,3450.84,262,2,5,5,255
15411,26,4,1336.43,183,4,4,4,444
15412,171,1,190.53,171,2,1,1,211
15414,10,3,774.9,242,5,3,3,533
15415,313,1,559.61,313,1,1,3,113
15416,65,4,3974.37,283,3,4,5,345
15417,85,1,508.8,85,2,1,3,213
15419,25,1,135.86,25,4,1,1,411
15421,59,4,950.36,310,3,4,4,344
15422,323,2,97.7,323,1,3,1,131
15423,38,1,43.5,38,3,1,1,311
15424,254,2,383.34,254,1,3,2,132
15426,19,5,1386.58,369,4,4,4,444
15427,33,3,1430.54,47,3,3,4,334
15428,15,1,93.78,15,4,1,1,411
15429,27,2,364.9,75,4,3,2,432
15432,23,1,171.19,23,4,1,1,411
15433,214,2,417.87,267,1,3,2,132
15434,8,5,997.48,200,5,4,4,544
15435,22,1,149.29,22,4,1,1,411
15436,12,3,1067.75,234,5,3,4,534
15437,262,1,200.16,262,1,1,1,111
15438,131,1,156.58,131,2,1,1,211
15440,55,3,383.68,209,3,3,2,332
15442,249,1,594.0,249,1,1,3,113
15443,2,7,3188.84,320,5,5,5,555
15444,9,2,1411.21,40,5,3,4,534
15445,264,1,113.5,264,1,1,1,111
15447,331,1,155.17,331,1,1,1,111
15448,313,1,494.64,313,1,1,3,113
15449,26,3,971.22,262,4,3,4,434
15450,30,1,429.84,30,4,1,2,412
15452,30,3,528.48,264,4,3,3,433
15453,2,7,1371.77,188,5,5,4,554
15454,362,1,179.1,362,1,1,1,111
15456,283,3,434.59,359,1,3,2,132
15457,262,1,237.07,262,1,1,1,111
15458,25,1,161.64,25,4,1,1,411
15460,354,1,214.26,354,1,1,1,111
15462,94,3,234.6,187,2,3,1,231
15463,29,1,126.14,29,4,1,1,411
15464,338,1,1044.65,338,1,1,4,114
15465,20,18,6945.02,370,4,5,5,455
15466,85,1,334.53,85,2,1,2,212
15467,9,3,511.88,152,5,3,3,533
15468,51,2,438.46,51,3,3,2,332
15469,50,2,504.5,120,3,3,3,333
15471,2,1,454.48,2,5,1,2,512
15472,113,1,371.56,113,2,1,2,212
15473,14,7,1465.2,61,4,5,4,454
15475,77,1,454.11,77,2,1,2,212
15478,40,2,1399.92,57,3,3,4,334
15480,116,1,905.5,116,2,1,3,213
15482,16,12,6393.52,359,4,5,5,455
15483,161,4,225.26,267,2,4,1,241
15484,1,4,3559.21,78,5,4,5,545
15485,30,3,2564.5,373,4,3,5,435
15488,93,1,91.32,93,2,1,1,211
15489,23,3,1090.03,211,4,3,4,434
15491,95,6,3090.85,236,2,5,5,255
15492,28,2,659.46,74,4,3,3,433
15493,33,5,1918.86,271,3,4,4,344
15494,21,2,1280.58,121,4,3,4,434
15497,18,2,1259.7,320,4,3,4,434
15498,3,27,12396.46,367,5,5,5,555
15500,8,4,1131.56,81,5,4,4,544
15502,16,12,5541.46,369,4,5,5,455
15503,363,1,141.04,363,1,1,1,111
15504,81,1,52.83,81,2,1,1,211
15505,53,5,3497.14,155,3,4,5,345
15506,23,3,972.08,139,4,3,4,434
15507,172,1,475.86,172,2,1,2,212
15508,189,6,1000.27,235,1,5,4,154
15510,331,1,250.0,331,1,1,2,112
15511,12,5,900.53,85,5,4,3,543
15512,156,2,121.0,360,2,3,1,231
15513,33,19,14520.08,374,3,5,5,355
15514,12,11,2907.45,364,5,5,5,555
15516,45,3,62.43,47,3,3,1,331
15517,233,1,267.03,233,1,1,2,112
15518,64,8,1890.99,332,3,5,4,354
15520,2,1,343.5,2,5,1,2,512
15521,40,8,2574.65,255,3,5,5,355
15522,33,2,397.99,88,3,3,2,332
15523,84,1,412.01,84,2,1,2,212
15524,25,1,440.0,25,4,1,2,412
15525,2,3,719.47,373,5,3,3,533
15526,33,2,148.44,33,3,3,1,331
15527,19,8,2347.57,354,4,5,5,455
15528,254,1,229.33,254,1,1,1,111
15529,23,11,3935.15,367,4,5,5,455
15530,22,4,1497.31,247,4,4,4,444
15531,8,2,1972.39,30,5,3,4,534
15532,25,4,1500.88,358,4,4,4,444
15533,19,3,746.92,89,4,3,3,433
15535,173,4,426.4,328,2,4,2,242
15537,163,1,110.92,163,2,1,1,211
15539,7,1,538.46,7,5,1,3,513
15540,11,1,213.3,11,5,1,1,511
15541,114,1,85.13,114,2,1,1,211
15543,288,1,127.86,288,1,1,1,111
15544,9,9,3542.51,373,5,5,5,555
15545,54,2,288.97,371,3,3,2,332
15547,7,14,4910.6,362,5,5,5,555
15549,77,3,1643.96,316,2,3,4,234
15550,4,4,575.63,302,5,4,3,543
15551,37,1,436.06,37,3,1,2,312
15552,217,1,90.12,217,1,1,1,111
15553,60,1,428.93,60,3,1,2,312
15554,278,1,217.2,278,1,1,1,111
15555,12,16,4747.89,369,5,5,5,555
15556,24,1,279.77,24,4,1,2,412
15557,29,1,468.91,29,4,1,2,412
15561,12,4,722.74,216,5,4,3,543
15562,352,1,134.55,352,1,1,1,111
15563,22,4,1319.69,359,4,4,4,444
15565,50,2,173.16,71,3,3,1,331
15567,19,1,186.01,19,4,1,1,411
15568,3,3,758.29,73,5,3,3,533
15569,104,5,1375.71,332,2,4,4,244
15570,7,12,4093.27,369,5,5,5,555
15571,12,4,650.43,78,5,4,3,543
15572,5,7,2533.42,278,5,5,5,555
15573,32,2,591.19,86,4,3,3,433
15574,178,4,675.64,372,2,4,3,243
15576,38,1,921.37,38,3,1,4,314
15577,151,3,258.88,305,2,3,2,232
15578,162,1,127.1,162,2,1,1,211
15579,69,2,327.6,314,3,3,2,332
15581,121,13,3425.77,366,2,5,5,255
15582,25,3,682.91,220,4,3,3,433
15584,24,4,718.36,162,4,4,3,443
15585,177,1,455.3,177,2,1,2,212
15587,50,4,913.68,352,3,4,3,343
15589,256,3,456.58,311,1,3,2,132
15592,47,1,388.58,47,3,1,2,312
15593,71,1,199.8,71,3,1,1,311
15594,16,5,1767.53,235,4,4,4,444
15596,101,5,1343.34,365,2,4,4,244
15597,35,1,315.72,35,3,1,2,312
15598,53,1,235.68,53,3,1,1,311
15599,27,2,761.74,204,4,3,3,433
15601,11,14,6745.36,373,5,5,5,555
15602,8,9,1083.63,368,5,5,4,554
15603,79,1,48.48,79,2,1,1,211
15604,52,1,216.39,52,3,1,1,311
15605,36,5,1198.23,373,3,4,4,344
15606,61,9,2422.64,325,3,5,5,355
15607,337,1,104.76,337,1,1,1,111
15608,28,4,1093.68,121,4,4,4,444
15609,184,1,270.03,184,1,1,2,112
15610,52,1,112.46,52,3,1,1,311
15611,10,13,1568.39,335,5,5,4,554
15612,36,2,195.15,62,3,3,1,331
15615,10,23,10360.04,359,5,5,5,555
15618,33,4,747.03,137,3,4,3,343
15619,11,1,336.4,11,5,1,2,512
15620,57,3,1524.4,358,3,3,4,334
15621,4,4,1158.77,22,5,4,4,544
15622,43,9,3224.53,282,3,5,5,355
15623,141,1,301.03,141,2,1,2,212
15624,117,4,588.13,256,2,4,3,243
15625,104,4,1504.56,235,2,4,4,244
15626,75,2,675.8,330,2,3,3,233
15628,5,9,2865.64,367,5,5,5,555
15630,45,2,1180.4,205,3,3,4,334
15632,16,8,3147.31,275,4,5,5,455
15634,17,1,243.55,17,4,1,1,411
15636,90,2,724.76,282,2,3,3,233
15637,53,1,223.36,53,3,1,1,311
15639,134,1,425.32,134,2,1,2,212
15640,4,15,12336.74,372,5,5,5,555
15641,105,4,1887.2,359,2,4,4,244
15643,192,3,647.4,282,1,3,3,133
15644,166,4,803.54,261,2,4,3,243
15645,19,1,612.01,19,4,1,3,413
15646,158,3,425.14,372,2,3,2,232
15648,204,2,582.05,267,1,3,3,133
15649,336,2,816.0,368,1,3,3,133
15651,37,3,646.3,261,3,3,3,333
15652,91,1,337.74,91,2,1,2,212
15653,93,2,877.44,116,2,3,3,233
15654,9,2,922.53,26,5,3,4,534
15655,243,1,511.32,243,1,1,3,113
15656,45,4,748.5,284,3,4,3,343
15657,23,1,30.0,23,4,1,1,411
15658,190,5,958.9,373,1,4,4,144
15659,44,1,306.45,44,3,1,2,312
15660,25,9,1552.01,366,4,5,4,454
15661,317,2,309.8,339,1,3,2,132
15663,106,1,138.14,106,2,1,1,211
15664,51,1,358.63,51,3,1,2,312
15665,168,2,2222.21,243,2,3,5,235
15667,40,1,301.32,40,3,1,2,312
15668,218,1,76.32,218,1,1,1,111
15669,40,4,677.69,264,3,4,3,343
15670,297,1,173.05,297,1,1,1,111
15671,19,7,2635.49,271,4,5,5,455
15673,88,4,2726.23,327,2,4,5,245
15674,73,5,1744.02,255,2,4,4,244
15675,81,3,323.69,280,2,3,2,232
15676,19,3,3324.09,284,4,3,5,435
15677,49,1,657.23,49,3,1,3,313
15678,53,1,352.7,53,3,1,2,312
15679,24,4,781.28,183,4,4,3,443
15680,9,3,1333.68,366,5,3,4,534
15681,25,5,946.36,280,4,4,4,444
15683,117,1,193.75,117,2,1,1,211
15687,9,9,2981.5,330,5,5,5,555
15689,120,2,254.1,362,2,3,2,232
15690,4,2,239.76,101,5,3,1,531
15691,252,1,136.8,252,1,1,1,111
15692,28,1,191.04,28,4,1,1,411
15694,1,14,6423.6,373,5,5,5,555
15695,267,2,409.98,267,1,3,2,132
15696,33,8,2619.11,327,3,5,5,355
15699,18,1,309.65,18,4,1,2,412
15700,172,2,664.03,173,2,3,3,233
15701,2,4,1529.0,111,5,4,4,544
15703,265,1,211.5,265,1,1,1,111
15704,140,4,2293.62,216,2,4,5,245
15705,201,1,143.1,201,1,1,1,111
15706,64,4,1001.81,116,3,4,4,344
15707,35,4,916.98,86,3,4,3,343
15708,41,7,3200.73,370,3,5,5,355
15709,284,1,133.25,284,1,1,1,111
15712,9,5,1072.36,288,5,4,4,544
15713,143,2,346.75,366,2,3,2,232
15714,12,2,330.03,78,5,3,2,532
15716,146,4,1101.11,370,2,4,4,244
15717,234,1,150.3,234,1,1,1,111
15719,33,13,5028.42,338,3,5,5,355
15720,24,1,598.73,24,4,1,3,413
15721,12,1,471.4,12,5,1,2,512
15722,36,5,2169.86,291,3,4,5,345
15723,365,1,190.7,365,1,1,1,111
15724,201,2,212.3,285,1,3,1,131
15725,15,1,415.25,15,4,1,2,412
15727,17,7,5159.06,359,4,5,5,455
15729,213,1,62.0,213,1,1,1,111
15730,66,3,1108.38,207,3,3,4,334
15732,212,2,294.12,372,1,3,2,132
15733,283,1,162.3,283,1,1,1,111
15734,115,2,1339.45,200,2,3,4,234
15737,15,8,1121.21,243,4,5,4,454
15738,19,16,4788.77,373,4,5,5,455
15739,66,1,449.12,66,3,1,2,312
15740,49,1,154.88,49,3,1,1,311
15743,16,4,775.96,185,4,4,3,443
15744,78,1,34.8,78,2,1,1,211
15745,19,4,1071.24,236,4,4,4,444
15746,134,1,182.96,134,2,1,1,211
15747,13,3,946.64,173,5,3,4,534
15748,40,1,144.36,40,3,1,1,311
15749,235,3,21535.9,332,1,3,5,135
15750,3,8,2448.8,367,5,5,5,555
15752,40,7,2618.15,373,3,5,5,355
15753,305,1,79.2,305,1,1,1,111
15754,51,3,455.67,247,3,3,2,332
15755,10,6,2318.88,295,5,5,5,555
15756,61,4,528.01,249,3,4,3,343
15757,66,2,714.42,218,3,3,3,333
15758,25,1,205.25,25,4,1,1,411
15759,218,3,253.04,358,1,3,2,132
15762,65,2,583.75,77,3,3,3,333
15763,32,2,1048.67,78,4,3,4,434
15764,88,6,3245.47,277,2,5,5,255
15766,64,1,315.06,64,3,1,2,312
15768,116,3,581.83,226,2,3,3,233
15769,7,26,51823.72,371,5,5,5,555
15773,6,1,635.68,6,5,1,3,513
15774,69,1,270.8,69,3,1,2,312
15775,245,1,104.9,245,1,1,1,111
15776,133,1,241.62,133,2,2,1,221
15777,241,4,1021.61,361,1,4,4,144
15780,184,3,475.28,358,1,3,2,132
15781,25,3,333.56,306,4,3,2,432
15782,10,3,2593.94,89,5,3,5,535
15783,11,1,246.3,11,5,2,2,522
15785,33,5,2303.75,295,3,4,5,345
15786,46,3,4821.0,114,3,3,5,335
15787,26,3,933.26,61,4,3,4,434
15789,358,1,351.3,358,1,2,2,122
15790,10,1,218.75,10,5,2,1,521
15791,44,2,1604.44,204,3,3,4,334
15793,15,3,948.96,269,4,3,4,434
15795,150,1,610.01,150,2,2,3,223
15796,1,8,2663.66,302,5,5,5,555
15797,113,4,2207.4,319,2,4,5,245
15799,76,3,884.14,334,2,3,3,233
15800,107,2,696.89,247,2,3,3,233
15801,46,3,1042.19,110,3,4,4,344
15803,51,1,415.82,51,3,2,2,322
15804,1,13,3848.55,199,5,5,5,555
15805,23,17,5411.87,365,4,5,5,455
15806,46,3,784.58,277,3,4,3,343
15807,50,3,903.9,77,3,4,3,343
15808,306,4,3641.07,369,1,4,5,145
15809,36,5,399.21,303,3,4,2,342
15810,79,4,1145.43,297,2,4,4,244
15811,22,6,2171.32,365,4,5,5,455
15812,107,5,1801.14,318,2,4,4,244
15813,208,2,1303.91,240,1,3,4,134
15814,17,4,1842.73,51,4,4,4,444
15815,64,5,2100.6,260,3,4,5,345
15819,49,4,1905.45,277,3,4,4,344
15820,320,1,206.98,320,1,2,1,121
15821,44,2,570.96,61,3,3,3,333
15822,3,2,885.47,359,5,3,3,533
15825,172,1,532.94,172,2,2,3,223
15826,56,3,1649.36,211,3,4,4,344
15827,73,14,1641.48,372,2,5,4,254
15829,99,2,636.14,141,2,3,3,233
15830,38,1,547.7,38,3,2,3,323
15831,58,3,740.64,324,3,4,3,343
15832,254,1,836.79,254,1,2,3,123
15834,70,4,2076.3,277,3,4,5,345
15835,44,4,954.09,331,3,4,4,344
15836,50,1,117.47,50,3,2,1,321
15837,65,1,391.98,65,3,2,2,322
15838,11,19,33350.76,368,5,5,5,555
15839,33,3,1020.74,148,3,4,4,344
15840,59,2,345.66,173,3,3,2,332
15841,73,4,1209.1,339,2,4,4,244
15843,304,1,118.95,304,1,2,1,121
15844,46,1,130.74,46,3,2,1,321
15845,18,8,3650.87,337,4,5,5,455
15847,38,2,389.27,288,3,3,2,332
15850,19,2,234.88,168,4,3,1,431
15852,187,2,160.71,197,1,3,1,131
15853,52,1,110.8,52,3,2,1,321
15854,4,12,2969.12,362,5,5,5,555
15855,137,5,712.24,264,2,4,3,243
15856,4,27,15929.74,365,5,5,5,555
15857,19,1,297.0,19,4,2,2,422
15858,16,5,1427.57,367,4,4,4,444
15860,41,8,965.16,369,3,5,4,354
15861,12,8,2981.92,267,5,5,5,555
15862,8,4,832.88,374,5,4,3,543
15863,26,2,68.84,193,4,3,1,431
15864,22,6,1769.78,316,4,5,4,454
15865,41,3,895.13,214,3,4,3,343
15866,101,1,211.89,101,2,2,1,221
15867,5,15,3795.29,369,5,5,5,555
15869,277,2,149.64,277,1,3,1,131
15870,33,1,351.44,33,3,2,2,322
15872,15,2,316.25,15,4,3,2,432
15874,64,7,4330.67,284,3,5,5,355
15877,2,2,437.83,18,5,3,2,532
15880,369,1,299.03,369,1,2,2,122
15881,312,5,438.24,364,1,4,2,142
15882,199,4,495.36,368,1,4,3,143
15883,2,2,396.48,33,5,3,2,532
15885,93,3,379.35,309,2,4,2,242
15886,60,1,181.09,60,3,2,1,321
15888,81,1,141.27,81,2,2,1,221
15889,157,2,420.07,369,2,3,2,232
15891,227,1,511.68,227,1,2,3,123
15894,253,2,258.25,369,1,3,2,132
15895,150,1,179.17,150,2,2,1,221
15897,194,2,208.59,194,1,3,1,131
15898,1,5,1379.63,369,5,4,4,544
15899,369,1,56.25,369,1,2,1,121
15900,24,1,337.28,24,4,2,2,422
15901,17,3,351.73,155,4,4,2,442
15903,10,7,5126.34,295,5,5,5,555
15904,8,1,164.68,8,5,2,1,521
15906,20,7,1521.79,255,4,5,4,454
15907,4,3,882.72,210,5,4,3,543
15909,174,1,191.94,174,2,2,1,221
15910,1,8,1228.88,317,5,5,4,554
15912,178,2,264.62,233,2,3,2,232
15916,16,8,1466.01,366,4,5,4,454
15917,248,1,123.1,248,1,2,1,121
15918,191,2,334.23,271,1,3,2,132
15919,20,2,525.69,369,4,3,3,433
15920,154,4,167.5,154,2,4,1,241
15921,173,1,323.03,173,2,2,2,222
15922,373,1,363.6,373,1,2,2,122
15923,373,1,127.08,373,1,2,1,121
15925,194,1,207.15,194,1,2,1,121
15930,67,1,426.63,67,3,2,2,322
15932,4,8,2461.85,289,5,5,5,555
15933,21,3,1107.46,87,4,4,4,444
15935,239,2,416.86,242,1,3,2,132
15937,64,1,145.35,64,3,2,1,321
15938,112,5,404.58,324,2,4,2,242
15939,90,15,6102.26,332,2,5,5,255
15940,311,1,31.8,311,1,2,1,121
15942,134,1,337.44,134,2,2,2,222
15944,277,1,325.1,277,1,2,2,122
15945,365,1,181.0,365,1,2,1,121
15947,83,1,1708.24,83,2,2,4,224
15948,8,2,955.24,44,5,3,4,534
15949,17,2,364.72,71,4,3,2,432
15950,32,4,1684.46,360,4,4,4,444
15951,9,2,669.57,286,5,3,3,533
15952,34,4,781.91,225,3,4,3,343
15953,15,8,1632.43,369,4,5,4,454
15955,24,14,4389.81,373,4,5,5,455
15957,32,1,428.89,32,4,2,2,422
15958,74,1,104.35,74,2,2,1,221
15963,20,2,470.76,45,4,3,2,432
15965,17,4,808.87,367,4,4,3,443
15967,23,2,397.68,319,4,3,2,432
15969,3,3,582.9,186,5,4,3,543
15970,304,1,314.1,304,1,2,2,122
15971,18,12,4199.85,311,4,5,5,455
15973,367,1,99.77,367,1,2,1,121
15974,39,7,3429.55,289,3,5,5,355
15975,84,1,371.01,84,2,2,2,222
15976,165,2,427.64,220,2,3,2,232
15977,17,2,1054.73,39,4,3,4,434
15978,77,1,1098.78,77,2,2,4,224
15980,89,3,2398.86,254,2,4,5,245
15981,25,8,3408.48,311,4,5,5,455
15983,22,4,1465.12,374,4,4,4,444
15984,3,10,2759.93,368,5,5,5,555
15985,123,2,1037.42,237,2,3,4,234
15986,30,1,168.12,30,4,2,1,421
15987,12,7,1432.77,369,5,5,4,554
15988,19,1,156.78,19,4,2,1,421
15990,44,2,792.11,287,3,3,3,333
15992,4,1,41.99,4,5,2,1,521
15993,9,7,2736.92,44,5,5,5,555
15994,55,1,414.27,55,3,2,2,322
15996,88,6,1016.68,366,2,5,4,254
15998,37,5,3074.42,362,3,4,5,345
16000,3,3,12393.7,3,5,4,5,545
16003,30,5,2735.37,360,4,4,5,445
16005,12,4,578.71,271,5,4,3,543
16006,211,1,101.4,211,1,2,1,121
16007,48,4,1693.81,215,3,4,4,344
16008,24,3,478.78,205,4,4,2,442
16009,22,4,972.11,160,4,4,4,444
16010,246,3,392.4,363,1,4,2,142
16011,8,16,3352.96,366,5,5,5,555
16012,35,3,1415.29,155,3,4,4,344
16013,4,47,33366.25,371,5,5,5,555
16014,38,3,637.58,291,3,4,3,343
16015,4,3,689.7,49,5,4,3,543
16016,3,8,1440.06,367,5,5,4,554
16017,47,1,211.88,47,3,2,1,321
16018,39,2,408.9,180,3,3,2,332
16019,47,9,3450.24,365,3,5,5,355
16020,17,3,851.01,65,4,4,3,443
16022,260,1,602.63,260,1,2,3,123
16023,46,3,719.81,266,3,4,3,343
16024,12,1,251.03,12,5,2,2,522
16025,30,1,439.66,30,4,2,2,422
16026,43,1,236.09,43,3,2,1,321
16027,92,6,852.12,303,2,5,3,253
16029,39,63,53168.69,374,3,5,5,355
16030,310,1,331.24,310,1,2,2,122
16031,92,2,547.9,247,2,3,3,233
16033,6,20,8690.03,370,5,5,5,555
16034,196,3,437.7,333,1,4,2,142
16036,87,2,758.92,263,2,3,3,233
16037,270,3,855.02,359,1,4,3,143
16038,8,3,454.33,202,5,4,2,542
16040,65,3,1313.55,269,3,4,4,344
16041,31,3,3166.4,141,4,4,5,445
16042,22,5,1127.57,332,4,4,4,444
16043,38,4,773.99,318,3,4,3,343
16045,120,4,1340.7,290,2,4,4,244
16048,373,2,243.69,373,1,3,1,131
16049,40,3,1074.81,75,3,4,4,344
16050,174,1,137.9,174,2,2,1,221
16052,54,1,362.06,54,3,2,2,322
16053,33,2,1511.95,122,3,3,4,334
16054,145,1,783.9,145,2,2,3,223
16055,221,1,134.8,221,1,2,1,121
16056,45,1,650.75,45,3,2,3,323
16057,16,7,2140.22,285,4,5,5,455
16059,66,6,1453.16,368,3,5,4,354
16062,10,4,1153.62,365,5,4,4,544
16063,260,1,335.32,260,1,2,2,122
16065,365,1,367.14,365,1,2,2,122
16066,17,5,1521.04,124,4,4,4,444
16070,22,2,852.15,32,4,3,3,433
16071,45,1,326.24,45,3,2,2,322
16072,288,1,584.32,288,1,2,3,123
16073,297,1,94.35,297,1,2,1,121
16076,3,10,2173.53,209,5,5,5,555
16078,284,1,79.2,284,1,2,1,121
16079,17,3,1352.0,40,4,4,4,444
16080,82,2,176.6,274,2,3,1,231
16081,56,5,2799.42,367,3,4,5,345
16083,101,2,1317.62,361,2,3,4,234
16084,299,1,436.18,299,1,2,2,122
16085,23,5,981.51,321,4,4,4,444
16086,59,5,1119.31,367,3,4,4,344
16091,155,2,315.06,199,2,3,2,232
16092,115,3,779.36,254,2,4,3,243
16093,107,1,17.0,107,2,2,1,221
16094,12,4,1041.83,219,5,4,4,544
16096,264,1,320.62,264,1,2,2,122
16097,240,1,185.05,240,1,2,1,121
16098,88,7,2005.63,374,2,5,4,254
16099,50,3,731.9,226,3,4,3,343
16101,71,1,1245.96,71,3,2,4,324
16102,42,3,1842.14,129,3,4,4,344
16103,7,6,1429.64,234,5,5,4,554
16104,62,1,298.21,62,3,2,2,322
16105,249,1,336.96,249,1,2,2,122
16106,66,1,108.38,66,3,2,1,321
16107,18,7,3204.16,183,4,5,5,455
16108,85,1,816.1,85,2,2,3,223
16109,219,2,611.88,309,1,3,3,133
16110,45,3,1320.95,311,3,4,4,344
16112,143,4,195.74,339,2,4,1,241
16113,183,1,161.38,183,1,2,1,121
16114,171,1,135.75,171,2,2,1,221
16115,10,8,1660.88,293,5,5,4,554
16116,212,1,592.88,212,1,2,3,123
16117,190,1,232.21,190,1,2,1,121
16119,8,2,423.36,73,5,3,2,532
16120,59,4,1294.14,59,3,4,4,344
16121,57,2,854.66,216,3,3,3,333
16122,73,4,684.42,367,2,4,3,243
16123,52,1,307.78,52,3,2,2,322
16124,317,1,187.15,317,1,2,1,121
16125,367,1,289.35,367,1,2,2,122
16126,29,4,6287.77,297,4,4,5,445
16127,39,1,656.25,39,3,2,3,323
16128,18,5,1880.22,283,4,4,4,444
16131,52,6,3506.54,240,3,5,5,355
16133,4,33,14305.66,318,5,5,5,555
16134,22,2,603.69,359,4,3,3,433
16135,263,1,517.55,263,1,2,3,123
16136,60,3,709.38,278,3,4,3,343
16139,19,3,635.41,207,4,4,3,443
16140,66,2,703.77,371,3,3,3,333
16141,88,1,620.4,88,2,2,3,223
16142,250,1,535.34,250,1,2,3,123
16143,3,6,2419.84,369,5,5,5,555
16144,247,1,175.2,247,1,2,1,121
16145,9,11,3741.98,360,5,5,5,555
16146,157,3,734.13,232,2,4,3,243
16147,134,1,375.0,134,2,2,2,222
16148,296,1,76.32,296,1,2,1,121
16149,5,2,280.52,142,5,3,2,532
16150,43,5,1906.07,372,3,4,4,344
16152,269,1,1829.04,269,1,2,4,124
16153,50,5,1824.23,355,3,4,4,344
16156,9,9,2994.62,311,5,5,5,555
16157,16,3,644.24,73,4,4,3,443
16159,282,1,348.2,282,1,2,2,122
16160,65,2,1009.45,86,3,3,4,334
16161,2,19,5311.08,369,5,5,5,555
16162,252,1,37.4,252,1,2,1,121
16163,232,2,441.6,365,1,3,2,132
16164,17,3,802.53,43,4,4,3,443
16168,11,27,3770.6,370,5,5,5,555
16169,8,4,1822.97,76,5,4,4,544
16170,51,6,1880.42,248,3,5,4,354
16171,59,1,73.2,59,3,2,1,321
16172,95,5,1140.21,242,2,4,4,244
16173,16,6,1406.57,98,4,5,4,454
16174,126,3,1009.55,152,2,4,4,244
16175,94,4,1037.59,240,2,4,4,244
16177,50,1,331.95,50,3,2,2,322
16178,138,1,197.9,138,2,2,1,221
16179,61,1,215.83,61,3,2,1,321
16180,100,8,10217.48,253,2,5,5,255
16181,73,1,305.54,73,2,2,2,222
16182,72,4,6617.65,295,2,4,5,245
16183,67,1,338.71,67,3,2,2,322
16184,64,6,1155.54,211,3,5,4,354
16185,17,2,529.41,233,4,3,3,433
16186,23,12,3991.94,372,4,5,5,455
16187,32,15,6841.24,284,4,5,5,455
16188,45,4,981.86,243,3,4,4,344
16189,16,2,215.48,85,4,3,1,431
16190,40,1,215.08,40,3,2,1,321
16191,3,13,4913.32,361,5,5,5,555
16193,237,1,314.45,237,1,2,2,122
16198,75,1,400.68,75,2,2,2,222
16200,4,2,1068.87,164,5,3,4,534
16201,3,4,1821.52,110,5,4,4,544
16202,361,1,365.27,361,1,2,2,122
16203,59,4,589.15,372,3,4,3,343
16204,23,1,384.18,23,4,2,2,422
16205,31,4,757.63,180,4,4,3,443
16206,55,4,537.06,328,3,4,3,343
16207,25,1,394.38,25,4,2,2,422
16208,45,2,664.26,289,3,3,3,333
16209,89,5,2262.62,247,2,4,5,245
16210,2,18,21086.3,374,5,5,5,555
16211,89,1,542.77,89,2,2,3,223
16212,19,2,681.19,283,4,3,3,433
16213,79,1,159.0,79,2,2,1,221
16214,171,3,1062.75,269,2,4,4,244
16215,81,1,242.35,81,2,2,1,221
16216,267,1,914.93,267,1,2,3,123
16217,235,2,259.39,282,1,3,2,132
16218,30,7,3054.87,374,4,5,5,455
16221,37,3,860.86,367,3,4,3,343
16222,318,1,773.55,318,1,2,3,123
16224,57,4,1295.3,250,3,4,4,344
16225,45,5,1096.32,278,3,4,4,344
16226,203,3,255.12,235,1,4,2,142
16227,225,1,308.32,225,1,2,2,122
16229,87,2,1010.6,213,2,3,4,234
16230,190,2,542.03,220,1,3,3,133
16232,44,4,983.23,215,3,4,4,344
16233,71,3,422.13,366,3,4,2,342
16235,41,5,858.41,332,3,4,3,343
16236,78,1,432.2,78,2,2,2,222
16239,57,2,372.9,190,3,3,2,332
16240,24,2,3693.81,77,4,3,5,435
16241,10,13,2590.31,370,5,5,5,555
16242,8,7,3574.91,277,5,5,5,555
16243,34,2,409.1,55,3,3,2,332
16244,212,2,1522.75,373,1,3,4,134
16245,24,3,1352.36,257,4,4,4,444
16247,170,1,114.56,170,2,2,1,221
16248,62,1,152.94,62,3,2,1,321
16249,53,5,1800.07,239,3,4,4,344
16250,261,2,389.44,374,1,3,2,132
16253,67,2,3665.62,255,3,3,5,335
16255,17,8,2609.3,365,4,5,5,455
16256,267,1,732.63,267,1,2,3,123
16257,177,1,46.95,177,2,2,1,221
16258,45,5,5203.51,219,3,4,5,345
16260,51,1,1035.45,51,3,2,4,324
16261,17,4,728.54,246,4,4,3,443
16265,9,9,5423.15,365,5,5,5,555
16266,74,7,861.89,206,2,5,3,253
16268,71,2,667.65,71,3,3,3,333
16270,353,1,1141.24,353,1,2,4,124
16271,3,5,1398.69,358,5,4,4,544
16272,117,1,411.7,117,2,2,2,222
16274,373,1,351.75,373,1,2,2,122
16275,197,1,559.87,197,1,2,3,123
16276,177,1,810.6,177,2,2,3,223
16278,100,1,537.83,100,2,2,3,223
16279,21,3,1489.88,177,4,4,4,444
16281,72,1,2062.06,72,2,2,5,225
16282,340,1,168.3,340,1,2,1,121
16283,6,5,1531.51,208,5,4,4,544
16284,31,2,812.68,50,4,3,3,433
16287,170,1,142.5,170,2,2,1,221
16292,122,1,280.9,122,2,2,2,222
16293,22,10,2236.74,367,4,5,5,455
16295,10,4,1328.55,65,5,4,4,544
16297,269,1,275.4,269,1,2,2,122
16298,23,3,598.2,187,4,4,3,443
16302,127,1,212.82,127,2,2,1,221
16303,26,3,5305.83,333,4,4,5,445
16305,139,1,361.22,139,2,2,2,222
16306,214,6,602.27,367,1,5,3,153
16308,38,4,2560.0,261,3,4,5,345
16309,106,2,686.67,241,2,3,3,233
16311,18,2,616.26,49,4,3,3,433
16313,3,2,274.15,50,5,3,2,532
16315,331,1,226.37,331,1,2,1,121
16316,64,8,2755.56,358,3,5,5,355
16317,120,3,1341.65,297,2,4,4,244
16318,35,1,328.15,35,3,2,2,322
16319,218,1,404.4,218,1,2,2,122
16320,172,2,1038.46,213,2,3,4,234
16321,72,5,230.7,324,2,4,1,241
16322,1,2,326.75,36,5,3,2,532
16323,196,1,207.5,196,1,2,1,121
16324,128,3,408.59,177,2,4,2,242
16325,47,3,510.54,246,3,4,3,343
16326,6,14,3014.22,335,5,5,5,555
16327,14,6,3820.27,370,4,5,5,455
16330,18,3,242.21,112,4,4,1,441
16332,28,7,1572.8,305,4,5,4,454
16333,8,22,26626.8,310,5,5,5,555
16337,37,1,151.05,37,3,2,1,321
16338,157,1,214.8,157,2,2,1,221
16339,284,1,94.05,284,1,2,1,121
16340,107,1,534.31,107,2,2,3,223
16341,25,4,1959.38,201,4,4,4,444
16342,75,4,322.41,180,2,4,2,242
16343,16,2,328.58,16,4,3,2,432
16344,158,1,101.1,158,2,2,1,221
16345,44,1,565.46,44,3,2,3,323
16347,11,2,847.45,36,5,3,3,533
16348,32,7,1415.65,240,4,5,4,454
16349,291,1,53.5,291,1,2,1,121
16350,21,4,1100.47,334,4,4,4,444
16351,333,1,153.9,333,1,2,1,121
16352,18,2,494.44,38,4,3,3,433
16353,4,23,6675.71,370,5,5,5,555
16354,63,2,395.8,73,3,3,2,332
16356,198,3,210.32,278,1,4,1,141
16357,33,3,658.88,214,3,4,3,343
16358,1,4,2024.95,184,5,4,5,545
16359,7,9,1460.37,332,5,5,4,554
16360,5,6,3349.57,88,5,5,5,555
16361,10,4,891.21,71,5,4,3,543
16362,32,5,627.29,91,4,4,3,443
16363,53,1,109.36,53,3,2,1,321
16364,12,2,705.79,137,5,3,3,533
16365,18,9,1540.42,367,4,5,4,454
16366,19,1,327.3,19,4,2,2,422
16367,37,2,800.67,363,3,3,3,333
16368,2,2,479.91,28,5,3,2,532
16369,18,3,1545.41,197,4,4,4,444
16370,82,4,1301.91,225,2,4,4,244
16372,33,2,355.73,34,3,3,2,332
16374,66,2,466.73,262,3,3,2,332
16376,9,2,965.47,17,5,3,4,534
16377,267,1,676.2,267,1,2,3,123
16378,247,3,362.95,311,1,4,2,142
16379,4,4,2131.9,79,5,4,5,545
16380,61,1,1743.15,61,3,2,4,324
16383,75,2,643.76,268,2,3,3,233
16384,90,2,584.5,264,2,3,3,233
16385,60,3,554.86,366,3,4,3,343
16386,29,2,302.57,254,4,3,2,432
16387,323,1,94.36,323,1,2,1,121
16389,53,4,1362.27,283,3,4,4,344
16392,270,1,217.89,270,1,2,1,121
16393,2,13,2935.8,369,5,5,5,555
16394,57,5,1412.06,290,3,4,4,344
16395,61,5,1482.06,331,3,4,4,344
16398,154,2,1631.15,254,2,3,4,234
16399,19,2,408.02,235,4,3,2,432
16400,95,1,303.93,95,2,2,2,222
16401,1,12,4061.24,328,5,5,5,555
16402,265,2,293.45,369,1,3,2,132
16403,312,1,161.05,312,1,2,1,121
16404,70,1,443.05,70,3,2,2,322
16405,302,2,167.25,310,1,3,1,131
16406,19,1,154.35,19,4,2,1,421
16407,13,10,2079.68,312,5,5,5,555
16409,36,5,2022.98,317,3,4,5,345
16411,19,2,211.7,369,4,3,1,431
16412,54,1,135.99,54,3,2,1,321
16413,57,1,262.2,57,3,2,2,322
16414,22,2,126.25,280,4,3,1,431
16415,44,1,200.27,44,3,2,1,321
16416,27,3,1026.99,56,4,4,4,444
16418,45,3,631.12,226,3,4,3,343
16419,113,6,945.96,312,2,5,4,254
16422,17,51,33805.69,369,4,5,5,455
16423,25,1,346.12,25,4,2,2,422
16424,191,1,82.56,191,1,2,1,121
16425,302,1,302.7,302,1,2,2,122
16426,2,10,1863.76,276,5,5,4,554
16427,263,2,241.06,284,1,3,1,131
16429,106,1,284.55,106,2,2,2,222
16430,57,1,300.85,57,3,2,2,322
16431,213,3,623.28,297,1,4,3,143
16432,64,1,287.4,64,3,2,2,322
16433,28,1,184.26,28,4,2,1,421
16434,29,7,1511.8,300,4,5,4,454
16438,6,5,798.35,82,5,4,3,543
16440,8,5,3640.67,215,5,4,5,545
16441,67,2,381.2,291,3,3,2,332
16442,2,3,609.3,361,5,4,3,543
16444,46,4,638.77,265,3,4,3,343
16445,34,1,230.51,34,3,2,1,321
16446,1,2,2.9,206,5,3,1,531
16447,136,1,255.91,136,2,2,2,222
16448,198,1,182.99,198,1,2,1,121
16449,198,2,674.69,281,1,3,3,133
16450,150,1,311.92,150,2,2,2,222
16451,88,1,266.97,88,2,2,2,222
16455,64,7,1841.18,371,3,5,4,354
16456,99,5,2158.18,373,2,4,5,245
16457,218,1,208.36,218,1,2,1,121
16458,3,18,3482.74,361,5,5,5,555
16460,28,3,811.23,82,4,4,3,443
16461,178,1,142.92,178,2,2,1,221
16462,74,3,102.0,284,2,4,1,241
16463,21,4,1383.7,204,4,4,4,444
16464,20,3,1298.66,142,4,4,4,444
16466,34,7,1595.96,293,3,5,4,354
16468,74,1,74.9,74,2,2,1,221
16469,24,4,625.42,246,4,4,3,443
16470,52,4,747.82,359,3,4,3,343
16471,275,1,223.95,275,1,2,1,121
16473,165,3,314.86,337,2,4,2,242
16474,7,7,1750.62,145,5,5,4,554
16475,88,4,544.3,274,2,4,3,243
16477,64,7,2494.46,372,3,5,5,355
16478,25,3,331.0,66,4,4,2,442
16479,10,2,300.83,10,5,3,2,532
16480,76,1,769.29,76,2,2,3,223
16482,16,1,220.62,16,4,2,1,421
16483,192,1,139.35,192,1,2,1,121
16484,174,2,379.4,191,2,3,2,232
16485,77,1,363.65,77,2,2,2,222
16488,33,3,492.2,149,3,4,3,343
16491,47,1,731.5,47,3,2,3,323
16493,80,4,1329.66,330,2,4,4,244
16494,297,1,826.53,297,1,2,3,123
16495,3,3,648.26,276,5,4,3,543
16496,9,3,1562.22,317,5,4,4,544
16497,50,6,2965.69,333,3,5,5,355
16498,161,2,86.12,162,2,3,1,231
16499,360,2,319.1,365,1,3,2,132
16500,5,6,400.86,331,5,5,2,552
16503,107,4,1421.43,360,2,4,4,244
16504,25,1,465.88,25,4,2,2,422
16505,32,1,777.6,32,4,2,3,423
16506,20,2,90.3,40,4,3,1,431
16509,297,1,363.7,297,1,2,2,122
16510,372,1,248.1,372,1,2,2,122
16511,22,3,918.33,267,4,4,4,444
16513,5,4,874.59,43,5,4,3,543
16515,52,5,1624.14,311,3,4,4,344
16516,30,1,101.7,30,4,2,1,421
16517,277,1,162.7,277,1,2,1,121
16518,61,2,480.92,284,3,3,3,333
16519,25,2,215.08,365,4,3,1,431
16520,186,3,1036.62,365,1,4,4,144
16523,2,21,9295.67,316,5,5,5,555
16525,2,26,11895.57,367,5,5,5,555
16526,172,1,290.36,172,2,2,2,222
16527,81,1,228.06,81,2,2,1,221
16528,4,1,244.41,4,5,2,2,522
16529,190,1,455.25,190,1,2,2,122
16531,22,7,1244.59,360,4,5,4,454
16532,18,3,6748.8,339,4,4,5,445
16533,19,3,1014.19,68,4,4,4,444
16535,5,1,593.75,5,5,2,3,523
16536,110,1,538.17,110,2,2,3,223
16539,3,4,1388.81,373,5,4,4,544
16542,54,1,119.62,54,3,2,1,321
16545,165,1,339.3,165,2,2,2,222
16549,10,10,4034.9,334,5,5,5,555
16550,109,5,2266.25,368,2,4,5,245
16551,96,3,922.12,337,2,4,4,244
16552,243,2,379.73,374,1,3,2,132
16553,163,12,5664.57,360,2,5,5,255
16554,42,3,641.55,332,3,4,3,343
16555,35,2,285.89,110,3,3,2,332
16556,67,7,3313.79,360,3,5,5,355
16557,24,2,281.85,137,4,3,2,432
16558,1,20,8257.04,367,5,5,5,555
16560,27,2,816.51,358,4,3,3,433
16561,6,2,511.12,60,5,3,3,533
16563,54,1,1077.74,54,3,2,4,324
16565,364,1,173.7,364,1,2,1,121
16566,15,5,614.01,293,4,4,3,443
16567,194,2,865.6,337,1,3,3,133
16569,3,1,124.2,3,5,2,1,521
16570,15,10,3622.95,312,4,5,5,455
16571,27,3,1285.22,282,4,4,4,444
16572,127,3,999.7,276,2,4,4,244
16573,85,2,648.41,290,2,3,3,233
16574,71,1,451.44,71,3,2,2,322
16581,183,1,70.44,183,1,2,1,121
16582,113,1,313.62,113,2,2,2,222
16583,374,1,233.45,374,1,2,1,121
16584,80,2,908.03,254,2,3,3,233
16586,249,1,463.95,249,1,2,2,122
16587,232,1,225.15,232,1,2,1,121
16589,71,3,459.24,161,3,4,2,342
16591,69,1,213.5,69,3,2,1,321
16592,4,16,4073.28,288,5,5,5,555
16593,51,3,330.03,328,3,4,2,342
16594,75,1,181.09,75,2,2,1,221
16595,61,1,360.16,61,3,2,2,322
16596,16,2,250.15,366,4,3,2,432
16597,4,1,90.04,4,5,2,1,521
16598,286,1,140.7,286,1,2,1,121
16600,4,6,813.52,339,5,5,3,553
16601,41,1,242.7,41,3,2,1,321
16602,36,1,494.73,36,3,2,3,323
16603,75,2,482.47,91,2,3,3,233
16607,18,14,3038.67,359,4,5,5,455
16609,15,7,5450.96,253,4,5,5,455
16610,219,1,75.66,219,1,2,1,121
16611,186,1,120.99,186,1,2,1,121
16612,33,4,1187.66,312,3,4,4,344
16613,70,1,618.59,70,3,2,3,323
16614,183,1,506.19,183,1,2,3,123
16616,15,2,500.42,157,4,3,3,433
16617,236,1,151.85,236,1,2,1,121
16618,31,5,2630.64,323,4,4,5,445
16619,264,1,204.41,264,1,2,1,121
16620,4,2,178.96,261,5,3,1,531
16621,52,4,813.48,278,3,4,3,343
16623,246,1,129.45,246,1,2,1,121
16624,81,2,810.57,197,2,3,3,233
16625,275,1,333.08,275,1,2,2,122
16626,1,17,4379.65,267,5,5,5,555
16627,79,1,322.8,79,2,2,2,222
16628,30,5,2183.04,235,4,4,5,445
16629,74,2,408.63,96,2,3,2,232
16633,17,6,2878.15,234,4,5,5,455
16634,223,2,217.9,372,1,3,1,131
16637,32,4,1124.59,226,4,4,4,444
16638,23,10,1676.47,369,4,5,4,454
16639,31,3,1169.38,236,4,4,4,444
16641,106,1,231.1,106,2,2,1,221
16642,5,2,679.83,208,5,3,3,533
16643,246,1,487.51,246,1,2,3,123
16644,178,2,833.78,212,2,3,3,233
16647,170,2,214.06,205,2,3,1,231
16648,43,1,270.86,43,3,2,2,322
16650,72,1,518.42,72,2,2,3,223
16652,59,7,6654.26,273,3,5,5,355
16653,16,2,1166.92,71,4,3,4,434
16654,141,4,594.97,368,2,4,3,243
16655,18,6,3789.52,332,4,5,5,455
16656,22,15,8568.24,365,4,5,5,455
16657,10,4,874.43,255,5,4,3,543
16658,368,1,123.24,368,1,2,1,121
16659,189,1,39.12,189,1,2,1,121
16660,16,4,810.45,320,4,4,3,443
16665,362,1,135.4,362,1,2,1,121
16666,19,1,118.98,19,4,2,1,421
16667,68,2,567.18,284,3,3,3,333
16668,15,6,306.72,285,4,5,2,452
16669,24,3,1344.88,78,4,4,4,444
16670,17,11,4022.46,359,4,5,5,455
16671,28,3,1692.27,165,4,4,4,444
16672,2,20,8093.59,267,5,5,5,555
16674,55,2,304.24,98,3,3,2,332
16676,34,4,1558.72,337,3,4,4,344
16678,3,12,3013.83,283,5,5,5,555
16679,366,1,129.75,366,1,2,1,121
16680,43,1,183.7,43,3,2,1,321
16681,73,6,1770.34,253,2,5,4,254
16682,5,5,1028.0,188,5,4,4,544
16684,4,28,65892.08,358,5,5,5,555
16685,61,2,324.24,61,3,3,2,332
16686,47,7,2940.53,355,3,5,5,355
16688,1,4,1260.86,61,5,4,4,544
16689,76,2,303.26,82,2,3,2,232
16690,72,2,208.63,202,2,3,1,231
16692,256,2,1276.0,289,1,3,4,134
16693,69,2,477.86,272,3,3,2,332
16696,135,4,657.9,248,2,4,3,243
16697,241,1,112.75,241,1,2,1,121
16698,227,2,1998.0,253,1,3,4,134
16700,9,13,5040.0,366,5,5,5,555
16701,9,13,5150.27,362,5,5,5,555
16705,1,20,13946.13,359,5,5,5,555
16706,37,3,531.35,114,3,4,3,343
16708,46,1,656.63,46,3,2,3,323
16709,85,5,3029.87,282,2,4,5,245
16710,19,10,2467.99,368,4,5,5,455
16711,3,5,1651.03,358,5,4,4,544
16712,9,11,3611.31,276,5,5,5,555
16713,19,15,6827.88,366,4,5,5,455
16714,219,3,879.06,317,1,4,3,143
16715,78,1,301.72,78,2,2,2,222
16716,267,2,319.8,311,1,3,2,132
16717,24,6,3263.06,366,4,5,5,455
16718,369,1,606.05,369,1,2,3,123
16719,15,7,1753.72,369,4,5,4,454
16720,26,1,152.95,26,4,2,1,421
16721,262,1,292.47,262,1,2,2,122
16722,17,13,4711.21,368,4,5,5,455
16723,91,2,576.4,108,2,3,3,233
16725,302,7,752.32,371,1,5,3,153
16726,26,5,1358.74,361,4,4,4,444
16727,364,1,256.32,364,1,2,2,122
16728,46,4,1048.28,264,3,4,4,344
16729,38,21,7041.69,241,3,5,5,355
16730,52,3,702.79,319,3,4,3,343
16732,32,1,603.75,32,4,2,3,423
16734,52,3,646.76,114,3,4,3,343
16735,79,5,2216.06,334,2,4,5,245
16737,53,1,417.6,53,3,2,2,322
16738,298,1,3.75,298,1,2,1,121
16739,177,1,312.55,177,2,2,2,222
16743,29,7,2166.88,359,4,5,5,455
16744,11,7,1291.91,173,5,5,4,554
16745,87,17,7157.1,312,2,5,5,255
16746,5,18,6676.76,359,5,5,5,555
16747,38,2,826.96,68,3,3,3,333
16748,18,5,1515.9,334,4,4,4,444
16750,45,5,623.93,232,3,4,3,343
16751,31,1,1764.72,31,4,2,4,424
16752,373,1,207.5,373,1,2,1,121
16753,58,1,223.92,58,3,2,1,321
16754,372,1,2002.4,372,1,2,4,124
16755,114,3,1463.23,316,2,4,4,244
16756,215,1,239.4,215,1,2,1,121
16757,319,1,106.83,319,1,2,1,121
16758,65,1,369.34,65,3,2,2,322
16759,8,3,772.84,31,5,4,3,543
16761,97,1,316.62,97,2,2,2,222
16762,20,3,1207.24,144,4,4,4,444
16763,199,1,594.9,199,1,2,3,123
16764,4,13,2749.95,143,5,5,5,555
16765,294,1,34.0,294,1,2,1,121
16766,273,2,1145.6,273,1,3,4,134
16767,31,11,5575.56,316,4,5,5,455
16768,48,3,458.04,272,3,4,2,342
16769,260,1,361.54,260,1,2,2,122
16770,58,5,731.9,372,3,4,3,343
16771,33,5,2242.61,338,3,4,5,345
16773,57,1,171.59,57,3,2,1,321
16774,68,4,654.92,179,3,4,3,343
16775,10,11,1691.51,367,5,5,4,554
16776,60,1,371.54,60,3,2,2,322
16777,80,2,222.62,257,2,3,1,231
16778,74,2,245.94,274,2,3,2,232
16779,2,22,10436.05,367,5,5,5,555
16780,100,2,422.24,259,2,3,2,232
16781,372,1,294.65,372,1,2,2,122
16782,10,13,2230.3,366,5,5,5,555
16784,20,1,107.6,20,4,2,1,421
16788,123,2,594.39,254,2,3,3,233
16789,8,1,80.8,8,5,2,1,521
16790,4,6,1520.12,38,5,5,4,554
16791,29,7,1690.28,332,4,5,4,454
16792,282,2,110.38,282,1,3,1,131
16793,57,1,243.84,57,3,2,1,321
16794,1,10,1175.3,180,5,5,4,554
16795,365,1,414.88,365,1,2,2,122
16796,89,1,305.62,89,2,2,2,222
16800,11,1,1162.65,11,5,2,4,524
16801,163,4,842.33,273,2,4,3,243
16803,65,1,332.3,65,3,2,2,322
16804,23,3,536.99,270,4,4,3,443
16805,174,2,460.59,360,2,3,2,232
16806,103,4,762.16,239,2,4,3,243
16807,143,3,1121.59,271,2,4,4,244
16808,99,2,288.42,274,2,3,2,232
16809,23,5,912.74,262,4,4,3,443
16810,192,1,275.64,192,1,2,2,122
16811,5,2,547.07,17,5,3,3,533
16812,361,1,479.35,361,1,2,2,122
16813,8,10,1652.18,204,5,5,4,554
16814,14,21,6408.2,370,4,5,5,455
16816,103,4,417.06,358,2,4,2,242
16817,3,9,1446.95,368,5,5,4,554
16818,11,11,3317.97,206,5,5,5,555
16820,96,1,497.61,96,2,2,3,223
16823,227,1,358.38,227,1,2,2,122
16824,16,2,460.64,164,4,3,2,432
16825,39,2,775.18,186,3,3,3,333
16826,51,1,341.7,51,3,2,2,322
16828,93,2,128.5,112,2,3,1,231
16829,157,1,197.22,157,2,2,1,221
16830,39,1,325.91,39,3,2,2,322
16832,184,3,199.15,217,1,4,1,141
16833,1,4,1106.53,334,5,4,4,544
16834,228,1,413.46,228,1,2,2,122
16835,128,2,180.85,373,2,3,1,231
16836,40,2,251.87,117,3,3,2,332
16837,31,11,3167.73,246,4,5,5,455
16838,197,2,582.9,288,1,3,3,133
16839,9,34,15357.78,370,5,5,5,555
16841,37,6,1774.62,288,3,5,4,354
16842,101,3,1260.44,302,2,4,4,244
16843,43,16,10183.82,327,3,5,5,355
16846,50,1,214.32,50,3,2,1,321
16847,43,1,193.44,43,3,2,1,321
16848,53,1,281.42,53,3,2,2,322
16849,187,1,124.57,187,1,2,1,121
16850,334,1,332.41,334,1,2,2,122
16851,4,3,342.45,52,5,4,2,542
16852,10,2,144.91,176,5,3,1,531
16855,24,2,328.4,43,4,3,2,432
16856,15,1,35.4,15,4,2,1,421
16858,369,1,345.89,369,1,2,2,122
16859,145,2,473.14,261,2,3,2,232
16861,60,2,151.65,158,3,3,1,331
16863,31,2,481.35,367,4,3,3,433
16866,141,3,207.74,162,2,4,1,241
16869,23,4,797.32,175,4,4,3,443
16871,22,6,2761.49,271,4,5,5,455
16872,77,3,680.02,184,2,4,3,243
16873,5,6,7066.31,364,5,5,5,555
16875,67,5,2023.47,340,3,4,5,345
16877,12,6,846.62,208,5,5,3,553
16880,31,7,1491.43,189,4,5,4,454
16881,67,1,432.0,67,3,2,2,322
16882,67,3,705.12,317,3,4,3,343
16883,187,2,272.48,372,1,3,2,132
16884,38,2,429.84,38,3,3,2,332
16885,15,3,450.41,357,4,4,2,442
16887,35,1,192.33,35,3,2,1,321
16889,195,3,1578.67,337,1,4,4,144
16891,2,5,742.43,372,5,4,3,543
16892,1,5,489.49,184,5,4,3,543
16893,367,1,145.93,367,1,2,1,121
16895,65,1,202.27,65,3,2,1,321
16897,299,2,213.03,314,1,3,1,131
16898,26,3,436.68,369,4,4,2,442
16899,8,6,1271.06,360,5,5,4,554
16900,17,3,187.69,63,4,4,1,441
16902,116,1,1706.88,116,2,2,4,224
16903,29,1,363.2,29,4,2,2,422
16904,4,16,3653.75,367,5,5,5,555
16905,5,7,3020.65,372,5,5,5,555
16906,82,4,559.59,249,2,4,3,243
16907,29,5,928.76,365,4,4,4,444
16909,72,1,364.14,72,2,2,2,222
16910,4,8,1508.96,91,5,5,4,554
16912,29,11,2508.87,323,4,5,5,455
16913,290,1,113.44,290,1,2,1,121
16914,36,1,183.76,36,3,2,1,321
16915,9,6,621.68,284,5,5,3,553
16916,24,2,562.41,372,4,3,3,433
16917,277,1,391.52,277,1,2,2,122
16918,50,6,1043.34,317,3,5,4,354
16919,156,11,2592.25,368,2,5,5,255
16921,61,1,154.18,61,3,2,1,321
16923,12,19,6488.3,363,5,5,5,555
16924,21,3,722.64,84,4,4,3,443
16926,371,1,230.25,371,1,2,1,121
16927,116,3,543.05,362,2,4,3,243
16928,80,17,2748.6,373,2,5,5,255
16929,4,7,1295.39,156,5,5,4,554
16930,26,3,378.89,68,4,4,2,442
16931,5,21,4554.87,370,5,5,5,555
16932,53,1,150.23,53,3,2,1,321
16933,1,2,530.08,239,5,3,3,533
16934,55,2,931.03,55,3,3,4,334
16936,26,1,261.9,26,4,2,2,422
16938,9,4,1878.43,309,5,4,4,544
16940,52,3,3049.88,290,3,4,5,345
16942,13,9,1878.51,228,5,5,4,554
16943,212,3,816.73,318,1,4,3,143
16945,22,19,4345.5,358,4,5,5,455
16947,236,1,406.48,236,1,2,2,122
16948,139,3,435.02,326,2,4,2,242
16949,4,6,1161.27,317,5,5,4,554
16950,57,3,1178.56,367,3,4,4,344
16951,135,3,1262.75,304,2,4,4,244
16952,109,2,167.61,109,2,3,1,231
16953,30,1,20.8,30,4,2,1,421
16954,1,9,2085.08,360,5,5,5,555
16955,185,4,493.67,373,1,4,3,143
16956,18,1,292.34,18,4,2,2,422
16957,239,2,416.64,282,1,3,2,132
16959,87,1,117.35,87,2,2,1,221
16960,39,3,507.05,253,3,4,3,343
16961,116,1,234.17,116,2,2,1,221
16963,187,1,110.55,187,1,2,1,121
16965,227,1,201.19,227,1,2,1,121
16966,8,7,2148.47,240,5,5,5,555
16967,189,1,319.02,189,1,2,2,122
16968,4,2,439.43,108,5,3,2,532
16969,39,3,650.41,192,3,4,3,343
16971,38,1,232.21,38,3,2,1,321
16976,267,1,251.52,267,1,2,2,122
16978,78,1,344.33,78,2,2,2,222
16979,4,6,1809.05,298,5,5,4,554
16980,255,2,1028.46,291,1,3,4,134
16982,61,1,384.06,61,3,2,2,322
16983,13,7,1894.82,370,5,5,4,554
16984,88,2,4370.59,130,2,3,5,235
16985,17,10,5461.62,359,4,5,5,455
16986,30,2,1873.2,30,4,3,4,434
16987,3,7,1616.8,205,5,5,4,554
16988,5,1,126.12,5,5,2,1,521
16989,7,6,1133.25,151,5,5,4,554
16990,219,1,179.0,219,1,2,1,121
16992,11,5,1601.86,285,5,4,4,544
16996,30,6,1427.46,353,4,5,4,454
16997,288,3,702.0,326,1,4,3,143
16998,150,4,287.02,304,2,4,2,242
16999,23,2,484.82,74,4,3,3,433
17001,1,11,3989.57,359,5,5,5,555
17002,86,3,1487.78,291,2,4,4,244
17004,46,2,1312.14,93,3,3,4,334
17006,5,4,781.78,76,5,4,3,543
17007,51,6,877.43,357,3,5,3,353
17010,18,1,185.46,18,4,2,1,421
17011,30,1,270.9,30,4,2,2,422
17014,8,3,562.68,67,5,4,3,543
17015,29,3,1838.61,185,4,4,4,444
17017,3,20,8574.11,373,5,5,5,555
17018,41,2,920.1,326,3,3,4,334
17019,11,4,1258.08,368,5,4,4,544
17022,31,1,71.0,31,4,2,1,421
17024,45,3,95.85,158,3,4,1,341
17025,61,3,357.77,373,3,4,2,342
17026,185,2,154.83,370,1,3,1,131
17027,79,6,835.86,317,2,5,3,253
17029,111,2,716.0,237,2,3,3,233
17030,64,1,146.87,64,3,2,1,321
17031,12,2,380.35,155,5,3,2,532
17033,86,3,1030.14,359,2,4,4,244
17034,16,3,734.57,288,4,4,3,443
17035,246,2,388.33,312,1,3,2,132
17037,88,1,1253.22,88,2,2,4,224
17038,30,1,112.4,30,4,2,1,421
17040,138,1,449.73,138,2,2,2,222
17041,27,3,1055.69,361,4,4,4,444
17042,3,5,1036.58,247,5,4,4,544
17043,32,4,1735.18,266,4,4,4,444
17044,25,1,897.43,25,4,2,3,423
17045,113,3,339.44,248,2,4,2,242
17046,157,1,642.02,157,2,2,3,223
17047,85,3,1100.9,205,2,4,4,244
17048,118,3,864.32,331,2,4,3,243
17049,3,9,5589.83,276,5,5,5,555
17050,96,6,3185.64,300,2,5,5,255
17051,194,1,240.89,194,1,2,1,121
17052,28,1,399.09,28,4,2,2,422
17053,131,1,496.38,131,2,2,3,223
17054,28,5,1353.83,245,4,4,4,444
17058,82,3,1179.89,240,2,4,4,244
17059,30,5,3080.39,370,4,4,5,445
17060,266,1,234.24,266,1,2,1,121
17061,74,11,5116.13,232,2,5,5,255
17062,314,4,529.43,370,1,4,3,143
17063,21,7,1421.59,289,4,5,4,454
17064,59,3,855.45,327,3,4,3,343
17068,12,21,4531.34,368,5,5,5,555
17069,28,9,2655.22,373,4,5,5,455
17070,114,1,304.24,114,2,2,2,222
17071,28,9,2385.48,310,4,5,5,455
17073,18,4,1446.09,109,4,4,4,444
17075,18,4,813.77,317,4,4,3,443
17076,36,3,841.08,365,3,4,3,343
17078,36,2,378.2,36,3,3,2,332
17079,78,1,118.8,78,2,2,1,221
17080,22,2,285.5,270,4,3,2,432
17081,25,2,288.91,46,4,3,2,432
17082,33,2,2003.85,318,3,3,4,334
17083,109,3,1405.78,304,2,4,4,244
17084,35,2,2747.99,35,3,3,5,335
17085,123,5,1550.8,363,2,4,4,244
17086,7,6,2050.08,64,5,5,5,555
17088,28,4,1991.01,254,4,4,4,444
17090,4,7,1972.55,354,5,5,4,554
17091,3,9,3802.81,368,5,5,5,555
17092,50,4,1774.03,277,3,4,4,344
17094,322,1,270.2,322,1,2,2,122
17095,23,3,1088.2,335,4,4,4,444
17096,15,4,992.68,262,4,4,4,444
17097,2,8,937.92,365,5,5,4,554
17100,18,2,971.74,18,4,3,4,434
17101,10,4,1621.73,178,5,4,4,544
17102,262,1,25.5,262,1,2,1,121
17105,159,2,665.78,306,2,3,3,233
17107,33,6,10362.48,278,3,5,5,355
17109,29,6,865.93,232,4,5,3,453
17110,165,1,163.3,165,2,2,1,221
17111,47,1,231.61,47,3,2,1,321
17114,6,8,739.72,335,5,5,3,553
17115,8,3,806.9,233,5,4,3,543
17117,288,1,116.2,288,1,2,1,121
17118,318,1,157.02,318,1,2,1,121
17119,3,2,593.61,60,5,3,3,533
17120,233,1,307.46,233,1,2,2,122
17122,119,1,138.32,119,2,2,1,221
17123,162,1,345.3,162,2,2,2,222
17124,185,1,294.24,185,1,2,2,122
17125,50,1,230.5,50,3,2,1,321
17126,152,5,976.55,363,2,4,4,244
17128,335,1,157.09,335,1,2,1,121
17131,5,5,2463.17,76,5,4,5,545
17133,16,7,4892.24,266,4,5,5,455
17134,107,2,413.2,265,2,3,2,232
17135,16,7,1139.73,372,4,5,4,454
17138,276,1,380.5,276,1,2,2,122
17139,16,12,10567.87,289,4,5,5,455
17140,247,1,454.12,247,1,2,2,122
17142,239,1,579.0,239,1,2,3,123
17144,1,2,984.57,85,5,3,4,534
17146,106,3,749.78,359,2,4,3,243
17147,23,4,1679.64,312,4,4,4,444
17148,52,1,124.88,52,3,2,1,321
17152,195,3,1503.5,263,1,4,4,144
17153,24,1,213.78,24,4,2,1,421
17154,75,1,329.34,75,2,2,2,222
17155,18,2,251.7,178,4,3,2,432
17157,8,2,306.55,176,5,3,2,532
17158,32,3,1266.97,360,4,4,4,444
17159,22,3,1534.73,172,4,4,4,444
17160,31,6,3518.03,242,4,5,5,455
17162,29,10,1707.21,306,4,5,4,454
17163,22,2,293.1,78,4,3,2,432
17164,33,7,2466.4,273,3,5,5,355
17165,284,1,158.68,284,1,2,1,121
17166,39,2,189.49,204,3,3,1,331
17169,58,2,816.88,183,3,3,3,333
17171,289,1,224.91,289,1,2,1,121
17172,79,1,313.26,79,2,2,2,222
17173,5,8,3755.65,131,5,5,5,555
17174,218,1,59.9,218,1,2,1,121
17175,44,4,1430.94,296,3,4,4,344
17176,202,1,306.13,202,1,2,2,122
17179,178,3,711.79,361,2,4,3,243
17180,56,4,768.32,316,3,4,3,343
17181,57,2,239.92,374,3,3,1,331
17183,8,6,3286.91,105,5,5,5,555
17186,47,2,144.0,60,3,3,1,331
17187,227,1,203.95,227,1,2,1,121
17188,11,7,2275.58,362,5,5,5,555
17189,106,2,383.75,359,2,3,2,232
17190,59,2,249.74,207,3,3,2,332
17191,28,7,2093.68,368,4,5,5,455
17193,36,7,1674.46,177,3,5,4,354
17194,274,2,262.62,361,1,3,2,132
17197,30,1,1013.01,30,4,2,4,424
17198,24,3,692.22,371,4,4,3,443
17201,54,1,289.78,54,3,2,2,322
17203,36,6,3560.08,60,3,5,5,355
17204,175,4,1352.91,264,2,4,4,244
17205,54,1,384.08,54,3,2,2,322
17206,53,1,204.24,53,3,2,1,321
17211,27,8,2299.67,370,4,5,5,455
17212,253,1,226.85,253,1,2,1,121
17213,40,7,2741.08,366,3,5,5,355
17214,60,6,974.12,359,3,5,4,354
17217,234,1,113.5,234,1,2,1,121
17218,4,10,1951.97,368,5,5,4,554
17219,32,1,114.23,32,4,2,1,421
17220,24,14,3187.55,364,4,5,5,455
17221,7,2,334.48,36,5,3,2,532
17222,65,1,328.65,65,3,2,2,322
17223,310,2,416.89,368,1,3,2,132
17226,309,1,393.49,309,1,2,2,122
17227,19,6,939.32,369,4,5,4,454
17228,16,8,1906.09,372,4,5,4,454
17229,96,2,318.76,143,2,3,2,232
17230,264,8,3466.67,360,1,5,5,155
17231,12,10,3078.22,361,5,5,5,555
17232,3,2,417.77,15,5,3,2,532
17233,35,1,190.88,35,3,2,1,321
17234,183,1,149.89,183,1,2,1,121
17235,25,2,550.06,372,4,3,3,433
17236,13,6,916.13,363,5,5,3,553
17237,11,2,314.69,22,5,3,2,532
17238,3,17,3719.1,371,5,5,5,555
17239,313,1,379.95,313,1,2,2,122
17242,108,2,1135.04,180,2,3,4,234
17243,1,26,8491.75,370,5,5,5,555
17244,53,1,954.9,53,3,2,4,324
17245,205,1,171.45,205,1,2,1,121
17247,15,1,280.09,15,4,2,2,422
17248,120,1,318.65,120,2,2,2,222
17250,4,2,381.97,261,5,3,2,532
17251,363,1,269.83,363,1,2,2,122
17252,117,2,348.91,186,2,3,2,232
17253,18,1,178.26,18,4,2,1,421
17254,5,2,271.19,15,5,3,2,532
17255,41,2,291.48,299,3,3,2,332
17256,107,2,240.0,312,2,3,1,231
17259,148,2,581.23,368,2,3,3,233
17262,52,5,1253.36,366,3,4,4,344
17263,208,1,63.44,208,1,2,1,121
17265,139,2,550.01,181,2,3,3,233
17266,2,3,296.58,148,5,4,2,542
17267,127,2,317.2,127,2,3,2,232
17268,108,4,763.64,245,2,4,3,243
17272,42,4,2144.53,263,3,4,5,345
17274,35,1,107.82,35,3,2,1,321
17277,228,2,1065.35,323,1,3,4,134
17278,241,1,246.04,241,1,2,2,122
17279,58,1,187.83,58,3,2,1,321
17282,130,3,1685.46,300,2,4,4,244
17284,60,6,1636.58,336,3,5,4,354
17286,22,1,151.37,22,4,2,1,421
17287,26,7,1049.06,373,4,5,4,454
17288,9,7,1417.63,358,5,5,4,554
17289,32,3,922.77,180,4,4,4,444
17290,4,2,513.01,16,5,3,3,533
17291,308,1,550.8,308,1,2,3,123
17293,8,9,1854.06,361,5,5,4,554
17295,29,3,547.0,65,4,4,3,443
17297,17,1,128.18,17,4,2,1,421
17298,101,2,498.42,125,2,3,3,233
17299,12,4,656.61,173,5,4,3,543
17301,21,1,163.24,21,4,2,1,421
17302,15,5,1119.93,306,4,4,4,444
17303,361,1,250.04,361,1,2,2,122
17306,11,19,8600.73,353,5,5,5,555
17309,95,1,82.75,95,2,2,1,221
17311,78,2,1384.85,317,2,3,4,234
17312,139,3,644.3,159,2,4,3,243
17313,31,1,2288.13,31,4,2,5,425
17314,25,8,2514.76,313,4,5,5,455
17315,2,38,6193.43,358,5,5,5,555
17317,46,3,2524.02,90,3,4,5,345
17320,100,3,1200.62,368,2,4,4,244
17321,8,2,657.16,68,5,3,3,533
17323,15,7,894.44,292,4,5,3,453
17324,18,4,986.48,367,4,4,4,444
17325,280,1,96.8,280,1,2,1,121
17329,14,2,523.11,315,4,3,3,433
17330,23,2,363.9,68,4,3,2,432
17331,124,1,175.2,124,2,2,1,221
17333,86,1,494.25,86,2,2,3,223
17334,302,2,306.6,309,1,3,2,132
17337,151,4,1897.51,310,2,4,4,244
17338,17,8,6461.79,361,4,5,5,455
17339,94,2,243.36,365,2,3,1,231
17340,30,11,11891.18,366,4,5,5,455
17341,157,3,682.29,367,2,4,3,243
17343,355,1,193.64,355,1,2,1,121
17344,46,1,157.62,46,3,2,1,321
17345,15,4,519.69,197,4,4,3,443
17346,4,15,2557.9,373,5,5,5,555
17347,86,1,228.96,86,2,2,1,221
17348,15,5,1156.6,298,4,4,4,444
17349,179,1,98.25,179,1,2,1,121
17350,8,4,1251.44,51,5,4,4,544
17351,36,3,587.15,273,3,4,3,343
17353,129,2,1740.0,154,2,3,4,234
17354,51,1,1393.06,51,3,2,4,324
17356,312,1,178.22,312,1,2,1,121
17357,24,2,384.39,24,4,3,2,432
17358,303,2,360.81,355,1,3,2,132
17359,11,1,127.86,11,5,2,1,521
17360,17,3,568.24,184,4,4,3,443
17361,49,3,488.2,292,3,4,3,343
17362,239,2,312.23,310,1,3,2,132
17364,1,11,4437.23,331,5,5,5,555
17365,13,8,4767.36,333,5,5,5,555
17367,238,1,167.55,238,1,2,1,121
17368,23,8,1315.72,338,4,5,4,454
17370,73,4,446.18,170,2,4,2,242
17371,17,3,418.4,361,4,4,2,442
17372,41,8,1337.18,363,3,5,4,354
17373,40,4,646.92,313,3,4,3,343
17374,219,2,495.77,281,1,3,3,133
17375,199,3,372.5,361,1,4,2,142
17376,71,2,203.2,311,3,3,1,331
17377,24,20,3883.32,374,4,5,5,455
17379,11,1,389.72,11,5,2,2,522
17381,9,29,20272.43,372,5,5,5,555
17382,65,1,65.4,65,3,2,1,321
17383,4,1,193.39,4,5,2,1,521
17384,19,2,336.4,219,4,3,2,432
17385,15,1,256.11,15,4,2,2,422
17386,8,6,2686.42,166,5,5,5,555
17387,20,2,746.81,34,4,3,3,433
17388,78,4,1259.56,288,2,4,4,244
17389,1,34,31300.08,331,5,5,5,555
17391,164,2,508.8,165,2,3,3,233
17392,307,2,417.27,358,1,3,2,132
17394,219,1,203.87,219,1,2,1,121
17396,39,8,7330.8,372,3,5,5,355
17397,22,2,681.41,22,4,3,3,433
17398,115,3,653.38,255,2,4,3,243
17400,126,5,2097.84,353,2,4,5,245
17402,5,13,2633.85,369,5,5,5,555
17403,36,1,263.92,36,3,2,2,322
17404,4,15,30300.82,360,5,5,5,555
17405,1,3,967.22,150,5,4,4,544
17406,333,3,1912.72,367,1,4,4,144
17408,163,1,32.65,163,2,2,1,221
17409,185,2,771.85,248,1,3,3,133
17410,16,5,1214.72,215,4,4,4,444
17411,12,3,748.94,261,5,4,3,543
17412,3,7,1258.06,372,5,5,4,554
17414,44,2,778.0,185,3,3,3,333
17415,80,1,507.84,80,2,2,3,223
17416,30,7,6838.34,281,4,5,5,455
17418,42,2,463.46,324,3,3,2,332
17419,11,12,4200.97,367,5,5,5,555
17420,50,3,598.83,374,3,4,3,343
17422,16,6,1853.13,296,4,5,4,454
17423,46,2,663.63,218,3,3,3,333
17425,19,2,759.17,61,4,3,3,433
17426,8,6,5022.26,282,5,5,5,555
17427,72,1,100.8,72,2,2,1,221
17428,1,28,17078.45,369,5,5,5,555
17429,128,3,512.12,219,2,4,3,243
17430,33,2,265.76,365,3,3,2,332
17431,313,1,403.3,313,1,2,2,122
17432,18,2,365.76,37,4,3,2,432
17433,88,1,303.16,88,2,2,2,222
17434,2,7,2333.42,85,5,5,5,555
17436,2,2,216.3,227,5,3,1,531
17438,254,1,378.3,254,1,2,2,122
17440,157,3,177.1,248,2,4,1,241
17442,37,6,2210.26,290,3,5,5,355
17443,220,1,534.24,220,1,2,3,123
17444,148,3,2940.04,173,2,4,5,245
17446,177,2,120.9,310,2,3,1,231
17447,40,2,541.53,72,3,3,3,333
17449,2,7,2503.21,360,5,5,5,555
17450,8,46,187322.17,368,5,5,5,555
17451,1,7,1648.95,106,5,5,4,554
17453,18,2,486.72,64,4,3,3,433
17454,192,4,517.53,360,1,4,3,143
17455,204,1,131.7,204,1,2,1,121
17456,365,1,249.86,365,1,2,2,122
17457,127,5,1737.7,339,2,4,4,244
17458,15,1,316.5,15,4,2,2,422
17459,43,2,657.3,60,3,3,3,333
17460,94,6,452.63,373,2,5,2,252
17461,23,3,735.82,30,4,4,3,443
17462,60,2,662.94,284,3,3,3,333
17463,16,5,1860.81,313,4,4,4,444
17464,158,1,289.96,158,2,2,2,222
17466,10,2,763.28,79,5,3,3,533
17468,10,2,137.0,14,5,3,1,531
17469,16,5,1843.06,205,4,4,4,444
17470,45,5,1125.07,368,3,4,4,344
17472,191,3,697.54,299,1,4,3,143
17475,79,1,194.37,79,2,2,1,221
17480,78,1,506.51,78,2,2,3,223
17481,4,4,1249.34,94,5,4,4,544
17483,65,3,414.04,183,3,4,2,342
17486,261,1,396.87,261,1,2,2,122
17489,59,2,376.64,213,3,3,2,332
17490,1,7,1926.88,177,5,5,4,554
17491,1,10,3541.92,368,5,5,5,555
17492,248,1,374.57,248,1,2,2,122
17495,8,2,497.56,39,5,3,3,533
17496,359,1,271.05,359,1,2,2,122
17498,76,1,272.22,76,2,2,2,222
17499,290,1,622.88,290,1,2,3,123
17500,17,3,1138.0,30,4,4,4,444
17501,221,2,288.6,221,1,3,2,132
17502,9,4,689.1,29,5,4,3,543
17503,3,2,558.96,39,5,3,3,533
17504,206,9,2745.28,323,1,5,5,155
17505,162,2,1145.84,206,2,3,4,234
17506,76,1,294.29,76,2,2,2,222
17507,262,2,605.58,309,1,3,3,133
17508,281,1,387.31,281,1,2,2,122
17509,58,8,6069.24,63,3,5,5,355
17510,25,1,308.48,25,4,2,2,422
17511,3,31,88125.38,374,5,5,5,555
17512,29,10,2920.04,302,4,5,5,455
17513,72,1,513.2,72,2,2,3,223
17514,128,1,208.65,128,2,2,1,221
17515,31,4,639.02,318,4,4,3,443
17516,15,5,764.88,286,4,4,3,443
17517,309,1,153.94,309,1,2,1,121
17519,17,6,1839.07,368,4,5,4,454
17520,54,1,546.81,54,3,2,3,323
17521,30,3,721.96,199,4,4,3,443
17522,2,5,1070.71,218,5,4,4,544
17523,11,4,652.74,19,5,4,3,543
17524,361,1,145.0,361,1,2,1,121
17525,360,1,422.7,360,1,2,2,122
17526,5,4,706.7,366,5,4,3,543
17527,54,4,888.86,218,3,4,3,343
17528,1,8,3540.1,71,5,5,5,555
17530,1,10,2367.12,365,5,5,5,555
17531,190,1,293.45,190,1,2,2,122
17534,54,1,223.36,54,3,2,1,321
17535,280,1,164.4,280,1,2,1,121
17536,177,1,76.5,177,2,2,1,221
17537,30,2,887.67,303,4,3,3,433
17538,26,1,98.42,26,4,2,1,421
17540,25,2,570.4,316,4,3,3,433
17542,270,1,170.75,270,1,2,1,121
17545,43,3,642.32,43,3,4,3,343
17549,24,2,148.86,52,4,3,1,431
17550,197,3,267.16,243,1,4,2,142
17551,359,1,290.34,359,1,2,2,122
17552,60,4,909.96,372,3,4,3,343
17553,130,1,1487.6,130,2,2,4,224
17554,1,5,1952.45,148,5,4,4,544
17555,20,2,480.31,335,4,3,3,433
17556,206,1,157.9,206,1,2,1,121
17557,14,3,541.46,81,4,4,3,443
17560,95,4,854.95,311,2,4,3,243
17561,19,1,165.12,19,4,2,1,421
17562,14,7,1107.38,173,4,5,4,454
17564,24,3,454.01,80,4,4,2,442
17566,8,2,869.77,25,5,3,3,533
17567,7,8,4012.56,372,5,5,5,555
17569,332,1,344.14,332,1,2,2,122
17571,50,4,1425.67,298,3,4,4,344
17572,71,4,226.75,373,3,4,1,341
17573,29,3,362.9,94,4,4,2,442
17574,243,1,185.65,243,1,2,1,121
17576,8,19,3399.93,365,5,5,5,555
17578,218,1,124.74,218,1,2,1,121
17579,5,3,440.2,179,5,4,2,542
17580,253,3,215.72,358,1,4,1,141
17581,1,25,10716.31,372,5,5,5,555
17582,236,1,175.27,236,1,2,1,121
17584,7,2,1227.3,127,5,3,4,534
17585,109,4,1116.68,338,2,4,4,244
17588,100,3,1240.2,233,2,4,4,244
17589,60,4,2404.17,240,3,4,5,345
17590,2,3,1468.02,40,5,4,4,544
17591,73,7,2192.72,367,2,5,5,255
17593,4,5,3908.08,353,5,4,5,545
17594,85,2,993.18,255,2,3,4,234
17595,12,2,386.69,37,5,3,2,532
17596,23,7,2806.69,369,4,5,5,455
17597,214,1,2044.37,214,1,2,5,125
17600,18,1,161.67,18,4,2,1,421
17601,239,1,116.01,239,1,2,1,121
17602,2,6,5002.22,324,5,5,5,555
17604,217,2,309.36,312,1,3,2,132
17608,33,2,191.99,33,3,3,1,331
17609,41,5,1097.48,327,3,4,4,344
17611,7,15,3924.77,361,5,5,5,555
17612,53,6,1992.76,298,3,5,4,354
17613,23,14,4494.77,306,4,5,5,455
17614,57,1,386.32,57,3,2,2,322
17615,130,3,329.6,222,2,4,2,242
17616,174,3,571.2,368,2,4,3,243
17618,6,3,930.28,362,5,4,4,544
17619,312,1,214.37,312,1,2,1,121
17620,60,1,81.44,60,3,2,1,321
17621,21,3,1336.1,354,4,4,4,444
17623,33,1,527.05,33,3,2,3,323
17624,15,2,843.48,218,4,3,3,433
17625,18,4,2020.4,258,4,4,5,445
17628,81,1,75.75,81,2,2,1,221
17629,6,8,1784.12,360,5,5,4,554
17630,170,2,503.6,232,2,3,3,233
17631,2,3,528.33,232,5,4,3,543
17633,31,4,1242.34,120,4,4,4,444
17634,36,9,2358.59,338,3,5,5,355
17636,19,1,265.93,19,4,2,2,422
17637,31,2,547.06,115,4,3,3,433
17639,276,1,108.5,276,1,2,1,121
17640,87,1,621.66,87,2,2,3,223
17642,120,2,712.29,176,2,3,3,233
17643,373,1,101.55,373,1,2,1,121
17644,1,11,2768.98,261,5,5,5,555
17646,219,3,995.66,365,1,4,4,144
17647,65,1,133.06,65,3,2,1,321
17648,61,4,1789.55,250,3,4,4,344
17649,138,1,861.74,138,2,2,3,223
17650,21,1,166.08,21,4,2,1,421
17651,12,10,3886.67,177,5,5,5,555
17652,25,12,4737.13,281,4,5,5,455
17653,37,4,1175.88,120,3,4,4,344
17654,277,1,117.55,277,1,2,1,121
17655,11,7,2571.74,366,5,5,5,555
17656,73,5,1674.69,129,2,4,4,244
17658,26,2,485.88,211,4,3,3,433
17659,17,12,2954.75,372,4,5,5,455
17660,141,1,178.75,141,2,2,1,221
17663,26,7,1788.27,287,4,5,4,454
17664,19,2,604.64,212,4,3,3,433
17666,4,2,728.16,66,5,3,3,533
17667,66,5,2055.51,299,3,4,5,345
17668,1,2,347.75,38,5,3,2,532
17669,43,7,3406.72,250,3,5,5,355
17670,228,1,205.7,228,1,2,1,121
17671,16,4,1284.08,365,4,4,4,444
17672,50,2,3106.62,309,3,3,5,335
17673,2,6,1588.07,320,5,5,4,554
17674,74,2,551.04,369,2,3,3,233
17675,1,31,20098.1,367,5,5,5,555
17676,4,6,1366.77,366,5,5,4,554
17677,2,30,16201.37,369,5,5,5,555
17678,264,1,298.11,264,1,2,2,122
17679,53,2,1992.11,86,3,3,4,334
17680,24,1,184.4,24,4,2,1,421
17682,10,6,2459.33,368,5,5,5,555
17684,44,1,239.41,44,3,2,1,321
17685,17,7,3155.83,372,4,5,5,455
17686,7,7,5739.46,303,5,5,5,555
17690,30,15,4717.3,373,4,5,5,455
17691,358,2,290.4,369,1,3,2,132
17692,127,4,733.44,359,2,4,3,243
17693,137,1,187.02,137,2,2,1,221
17694,142,1,283.12,142,2,2,2,222
17695,132,2,765.34,172,2,3,3,233
17696,38,8,2201.05,365,3,5,5,355
17697,236,1,338.95,236,1,2,2,122
17698,261,1,154.95,261,1,2,1,121
17700,17,4,2508.89,281,4,4,5,445
17701,253,1,417.95,253,1,2,2,122
17702,30,4,1719.72,206,4,4,4,444
17703,35,3,798.74,138,3,4,3,343
17704,169,2,885.19,240,2,3,3,233
17705,3,9,1781.12,302,5,5,4,554
17706,4,17,10097.37,367,5,5,5,555
17707,185,2,152.4,336,1,3,1,131
17708,188,2,263.33,325,1,3,2,132
17709,170,1,137.45,170,2,2,1,221
17711,11,2,385.1,290,5,3,2,532
17712,45,1,522.91,45,3,2,3,323
17714,321,1,153.0,321,1,2,1,121
17715,201,1,326.4,201,1,2,2,122
17716,23,11,5505.79,268,4,5,5,455
17718,232,1,139.35,232,1,2,1,121
17719,38,15,5367.8,256,3,5,5,355
17720,26,4,1195.94,368,4,4,4,444
17722,96,4,2380.64,367,2,4,5,245
17723,127,6,3276.4,214,2,5,5,255
17724,71,3,995.65,138,3,4,4,344
17725,16,11,3371.13,267,4,5,5,455
17727,15,1,1042.55,15,4,2,4,424
17728,4,3,2515.68,87,5,4,5,545
17730,3,13,5288.83,326,5,5,5,555
17731,79,4,878.2,183,2,4,3,243
17732,373,1,303.97,373,1,2,2,122
17733,39,2,692.19,262,3,3,3,333
17734,54,3,700.63,234,3,4,3,343
17735,2,19,13110.02,368,5,5,5,555
17736,9,3,337.49,113,5,4,2,542
17737,9,2,168.24,58,5,3,1,531
17738,19,4,1863.35,282,4,4,4,444
17739,12,7,2786.05,360,5,5,5,555
17742,113,2,355.11,333,2,3,2,232
17744,4,6,2291.08,358,5,5,5,555
17746,240,1,98.8,240,1,2,1,121
17747,113,1,64.65,113,2,2,1,221
17749,178,2,674.52,256,2,3,3,233
17750,5,9,1710.45,164,5,5,4,554
17752,359,1,80.64,359,1,2,1,121
17754,1,5,1632.31,260,5,4,4,544
17757,1,30,5573.59,372,5,5,5,555
17758,19,8,3408.2,250,4,5,5,455
17759,17,3,819.96,169,4,4,3,443
17760,22,2,287.59,373,4,3,2,432
17761,33,1,712.78,33,3,2,3,323
17763,263,1,15.0,263,1,2,1,121
17764,51,2,772.55,211,3,3,3,333
17765,159,3,367.63,257,2,4,2,242
17767,15,1,271.2,15,4,2,2,422
17768,8,3,2081.9,166,5,4,5,545
17769,13,10,3920.08,321,5,5,5,555
17770,199,5,1143.27,282,1,4,4,144
17771,57,2,245.81,323,3,3,2,332
17772,11,2,173.45,11,5,3,1,531
17774,97,4,1203.78,305,2,4,4,244
17775,255,1,56.4,255,1,2,1,121
17777,25,3,647.56,100,4,4,3,443
17779,21,3,633.92,144,4,4,3,443
17781,159,2,188.02,253,2,3,1,231
17783,72,2,283.47,248,2,3,2,232
17785,53,1,131.94,53,3,2,1,321
17786,85,2,266.85,317,2,3,2,232
17787,153,4,1817.54,371,2,4,4,244
17788,74,2,1117.9,130,2,3,4,234
17789,281,1,225.9,281,1,2,1,121
17790,27,14,1964.3,365,4,5,4,454
17791,30,1,106.1,30,4,2,1,421
17793,25,1,300.34,25,4,2,2,422
17795,180,2,342.83,265,1,3,2,132
17796,40,4,690.0,370,3,4,3,343
17797,22,3,780.43,183,4,4,3,443
17799,22,10,3009.32,361,4,5,5,455
17800,37,9,1187.21,334,3,5,4,354
17802,82,3,1251.84,372,2,4,4,244
17805,74,1,512.31,74,2,2,3,223
17806,11,1,546.04,11,5,2,3,523
17809,16,12,4627.62,374,4,5,5,455
17811,4,39,7601.8,334,5,5,5,555
17812,13,4,699.81,368,5,4,3,543
17813,14,5,1641.79,71,4,4,4,444
17816,37,4,36.56,365,3,4,1,341
17817,4,3,387.68,277,5,4,2,542
17819,72,7,3661.07,371,2,5,5,255
17824,51,1,298.4,51,3,2,2,322
17827,5,5,1987.33,365,5,4,4,544
17828,23,4,1599.97,185,4,4,4,444
17829,299,1,889.24,299,1,2,3,123
17830,2,3,398.7,289,5,4,2,542
17831,33,1,35.4,33,3,2,1,321
17832,50,1,155.37,50,3,2,1,321
17835,3,3,342.24,23,5,4,2,542
17836,47,1,110.21,47,3,2,1,321
17837,42,8,1508.38,163,3,5,4,354
17838,27,5,2267.4,372,4,4,5,445
17839,42,1,318.15,42,3,2,2,322
17841,2,124,39869.05,373,5,5,5,555
17843,303,1,205.48,303,1,2,1,121
17844,107,1,51.56,107,2,2,1,221
17846,85,1,2033.1,85,2,2,5,225
17848,81,9,901.2,358,2,5,3,253
17849,218,4,605.8,334,1,4,3,143
17850,372,34,5303.48,374,1,5,5,155
17852,12,2,114.34,12,5,3,1,531
17854,185,2,311.26,227,1,3,2,132
17855,373,1,208.97,373,1,2,1,121
17856,2,4,1393.79,282,5,4,4,544
17857,4,23,26763.34,366,5,5,5,555
17858,6,12,5140.66,369,5,5,5,555
17859,305,1,141.92,305,1,2,1,121
17860,369,1,226.45,369,1,2,1,121
17861,3,8,2056.28,320,5,5,5,555
17862,324,1,330.9,324,1,2,2,122
17863,59,6,3160.0,369,3,5,5,355
17864,13,3,554.85,276,5,4,3,543
17865,31,20,10158.54,364,4,5,5,455
17866,143,1,325.7,143,2,2,2,222
17867,30,6,583.52,289,4,5,3,453
17869,107,5,428.18,368,2,4,2,242
17870,2,12,1860.94,367,5,5,4,554
17871,205,1,155.9,205,1,2,1,121
17873,80,5,1754.16,373,2,4,4,244
17874,185,6,658.26,256,1,5,3,153
17877,170,1,237.61,170,2,2,1,221
17878,44,1,379.45,44,3,2,2,322
17879,174,1,178.52,174,2,2,1,221
17880,365,1,458.92,365,1,2,2,122
17881,304,1,133.35,304,1,2,1,121
17883,3,4,664.34,246,5,4,3,543
17884,4,4,695.07,372,5,4,3,543
17885,12,1,156.34,12,5,2,1,521
17886,32,3,869.28,250,4,4,3,443
17887,129,1,111.35,129,2,2,1,221
17888,21,8,515.73,357,4,5,3,453
17889,212,2,201.37,322,1,3,1,131
17890,323,2,586.89,361,1,3,3,133
17891,162,1,203.86,162,2,2,1,221
17892,56,3,244.1,155,3,4,2,342
17893,225,1,107.21,225,1,2,1,121
17894,72,8,1118.96,366,2,5,4,254
17895,44,1,95.45,44,3,2,1,321
17896,23,1,256.32,23,4,2,2,422
17897,173,3,516.31,374,2,4,3,243
17898,85,2,152.06,207,2,3,1,231
17899,159,1,154.55,159,2,2,1,221
17900,190,2,15.0,190,1,3,1,131
17901,29,1,110.38,29,4,2,1,421
17904,21,1,168.32,21,4,2,1,421
17905,71,4,798.99,373,3,4,3,343
17906,247,1,72.9,247,1,2,1,121
17908,374,1,232.03,374,1,2,1,121
17911,9,1,366.23,9,5,2,2,522
17912,310,5,294.66,365,1,4,2,142
17913,59,2,408.65,356,3,3,2,332
17914,4,1,329.36,4,5,2,2,522
17917,45,3,335.03,363,3,4,2,342
17919,88,1,1304.04,88,2,2,4,224
17920,4,17,4119.5,374,5,5,5,555
17921,64,4,820.23,266,3,4,3,343
17923,282,1,207.5,282,1,2,1,121
17924,12,7,2894.33,374,5,5,5,555
17925,373,1,244.08,373,1,2,1,121
17926,133,2,397.29,204,2,3,2,232
17928,45,2,212.54,246,3,3,1,331
17929,11,4,834.5,309,5,4,3,543
17930,36,5,1740.48,239,3,4,4,344
17931,134,2,408.36,256,2,3,2,232
17932,29,3,1331.57,211,4,4,4,444
17934,52,2,704.25,59,3,3,3,333
17935,138,2,145.79,142,2,3,1,231
17936,5,1,380.13,5,5,2,2,522
17937,9,7,4301.22,362,5,5,5,555
17939,160,1,99.14,160,2,2,1,221
17940,49,10,1897.18,303,3,5,4,354
17941,131,1,304.56,131,2,2,2,222
17942,8,1,77.5,8,5,2,1,521
17946,233,2,149.58,259,1,3,1,131
17947,37,1,176.68,37,3,2,1,321
17948,147,1,358.56,147,2,2,2,222
17949,1,45,52750.84,371,5,5,5,555
17950,72,3,472.12,365,2,4,2,242
17951,40,3,990.84,374,3,4,4,344
17954,5,12,2276.78,371,5,5,5,555
17955,199,4,557.3,220,1,4,3,143
17956,249,1,12.75,249,1,2,1,121
17957,66,1,111.68,66,3,2,1,321
17958,117,1,508.46,117,2,2,3,223
17960,171,1,73.78,171,2,2,1,221
17961,21,39,1296.44,372,4,5,4,454
17962,142,1,102.41,142,2,2,1,221
17964,32,2,463.21,372,4,3,2,432
17965,38,14,2599.19,369,3,5,5,355
17966,38,5,1098.43,261,3,4,4,344
17967,372,1,112.27,372,1,2,1,121
17968,374,1,265.1,374,1,2,2,122
17969,166,2,228.2,361,2,3,1,231
17970,211,1,562.79,211,1,2,3,123
17972,242,1,135.19,242,1,2,1,121
17973,52,1,337.04,52,3,2,2,322
17974,25,3,703.99,220,4,4,3,443
17975,15,13,4388.06,367,4,5,5,455
17976,372,1,321.79,372,1,2,2,122
17977,29,1,288.14,29,4,2,2,422
17978,365,1,300.92,365,1,2,2,122
17979,36,4,712.51,260,3,4,3,343
17980,166,3,811.45,359,2,4,3,243
17984,145,1,152.68,145,2,2,1,221
17985,22,1,631.35,22,4,2,3,423
17986,56,1,20.8,56,3,2,1,321
17987,185,1,198.57,185,1,2,1,121
17988,12,7,191.17,327,5,5,1,551
17990,237,3,630.84,362,1,4,3,143
17991,225,2,93.35,226,1,3,1,131
17994,122,4,626.09,291,2,4,3,243
17995,282,1,76.1,282,1,2,1,121
17997,74,8,1503.09,164,2,5,4,254
17999,37,2,380.39,366,3,3,2,332
18001,12,2,415.13,87,5,3,2,532
18004,362,1,157.92,362,1,2,1,121
18005,4,2,226.47,47,5,3,1,531
18006,23,1,444.68,23,4,2,2,422
18008,70,9,2116.19,319,3,5,5,355
18009,235,1,242.29,235,1,2,1,121
18010,257,1,174.8,257,1,2,1,121
18011,373,1,102.79,373,1,2,1,121
18013,155,2,187.29,155,2,3,1,231
18014,28,1,162.22,28,4,2,1,421
18015,4,1,120.03,4,5,2,1,521
18016,32,5,1477.66,364,4,4,4,444
18017,81,3,523.0,310,2,4,3,243
18018,108,2,122.14,199,2,3,1,231
18019,52,1,38.45,52,3,2,1,321
18022,36,1,612.72,36,3,2,3,323
18024,153,2,236.78,153,2,3,1,231
18027,99,1,115.31,99,2,2,1,221
18030,4,2,220.7,42,5,3,1,531
18032,334,1,73.5,334,1,2,1,121
18033,65,1,93.82,65,3,2,1,321
18034,22,2,418.68,22,4,3,2,432
18035,36,3,713.89,43,3,4,3,343
18036,32,3,403.12,246,4,4,2,442
18037,154,6,70.02,362,2,5,1,251
18040,19,2,357.2,246,4,3,2,432
18041,12,21,4075.12,373,5,5,5,555
18042,54,1,165.05,54,3,2,1,321
18043,25,3,529.29,367,4,4,3,443
18044,4,10,2085.65,361,5,5,5,555
18045,45,1,178.34,45,3,2,1,321
18048,203,2,172.29,203,1,3,1,131
18050,359,1,74.4,359,1,2,1,121
18053,71,1,297.07,71,3,2,2,322
18055,7,10,6729.29,370,5,5,5,555
18056,288,1,363.65,288,1,2,2,122
18058,10,1,170.16,10,5,2,1,521
18059,23,3,296.71,68,4,4,2,442
18061,22,10,2119.41,366,4,5,5,455
18062,173,3,720.52,338,2,4,3,243
18064,133,2,814.0,235,2,3,3,233
18065,6,14,2380.08,365,5,5,5,555
18066,75,1,318.0,75,2,2,2,222
18067,40,1,396.33,40,3,2,2,322
18068,289,1,101.7,289,1,2,1,121
18069,26,5,1994.39,327,4,4,4,444
18071,258,2,453.0,366,1,3,2,132
18073,114,12,3846.74,197,2,5,5,255
18074,374,1,489.6,374,1,2,3,123
18075,23,10,2538.72,361,4,5,5,455
18077,8,11,2584.41,367,5,5,5,555
18078,217,2,336.13,259,1,3,2,132
18079,45,4,3613.15,239,3,4,5,345
18080,19,2,1231.5,243,4,3,4,434
18081,36,3,343.45,134,3,4,2,342
18082,26,1,680.84,26,4,2,3,423
18084,16,1,87.53,16,4,2,1,421
18085,330,2,689.95,374,1,3,3,133
18086,274,1,101.34,274,1,2,1,121
18087,98,2,3770.12,291,2,3,5,235
18088,61,1,166.03,61,3,2,1,321
18092,2,11,9065.76,366,5,5,5,555
18093,93,4,2083.42,303,2,4,5,245
18094,82,7,3017.3,292,2,5,5,255
18095,313,2,580.05,333,1,3,3,133
18096,12,3,849.06,64,5,4,3,543
18097,8,6,2657.45,354,5,5,5,555
18099,127,1,168.31,127,2,2,1,221
18101,11,2,222.4,143,5,3,1,531
18102,1,60,256438.49,367,5,5,5,555
18104,37,1,754.64,37,3,2,3,323
18105,38,1,113.48,38,3,2,1,321
18106,330,1,421.9,330,1,2,2,122
18108,254,1,264.65,254,1,2,2,122
18109,2,26,7877.27,370,5,5,5,555
18110,20,1,168.55,20,4,2,1,421
18112,12,2,352.69,166,5,3,2,532
18113,369,1,76.32,369,1,2,1,121
18114,290,1,220.1,290,1,2,1,121
18116,68,8,1403.11,365,3,5,4,354
18117,26,1,315.65,26,4,2,2,422
18118,11,26,5567.03,370,5,5,5,555
18119,368,1,180.7,368,1,2,1,121
18120,214,1,111.15,214,1,2,1,121
18121,149,2,653.3,155,2,3,3,233
18122,8,6,1793.06,151,5,5,4,554
18123,24,2,574.44,31,4,3,3,433
18125,30,4,1130.1,316,4,4,4,444
18126,61,1,200.92,61,3,2,1,321
18127,19,3,347.08,134,4,4,2,442
18129,243,1,112.55,243,1,2,1,121
18130,15,3,1045.74,57,4,4,4,444
18133,212,1,715.5,212,1,2,3,123
18135,29,5,681.91,190,4,4,3,443
18136,63,3,761.83,320,3,4,3,343
18138,295,1,152.65,295,1,2,1,121
18139,18,6,8393.22,18,4,5,5,455
18142,157,2,1014.9,216,2,3,4,234
18143,117,2,1000.16,142,2,3,4,234
18144,8,12,2888.75,373,5,5,5,555
18145,13,4,2861.55,313,5,4,5,545
18146,141,2,160.35,220,2,3,1,231
18147,46,2,179.34,109,3,3,1,331
18149,51,3,612.08,274,3,4,3,343
18150,32,3,566.58,202,4,4,3,443
18151,135,2,653.35,290,2,3,3,233
18154,3,2,399.19,44,5,3,2,532
18155,75,3,347.82,292,2,4,2,242
18156,13,2,675.64,370,5,3,3,533
18158,9,2,451.75,89,5,3,2,532
18159,301,1,530.15,301,1,2,3,123
18160,57,2,638.06,200,3,3,3,333
18161,15,5,1612.79,320,4,4,4,444
18164,37,1,394.7,37,3,2,2,322
18165,177,1,302.46,177,2,2,2,222
18167,23,3,1355.51,106,4,4,4,444
18168,176,6,1123.74,372,2,5,4,254
18169,61,1,202.65,61,3,2,1,321
18170,33,3,980.31,217,3,4,4,344
18171,59,5,1208.51,334,3,4,4,344
18172,15,20,7490.17,290,4,5,5,455
18173,87,4,2106.84,275,2,4,5,245
18174,7,1,104.0,7,5,2,1,521
18176,358,1,448.65,358,1,2,2,122
18177,31,6,1313.62,256,4,5,4,454
18178,129,4,1573.41,365,2,4,4,244
18179,9,6,1793.17,336,5,5,4,554
18180,5,6,1843.75,143,5,5,4,554
18181,24,1,366.85,24,4,2,2,422
18183,227,2,600.52,275,1,3,3,133
18184,15,1,49.8,15,4,2,1,421
18185,249,1,304.25,249,1,2,2,122
18188,15,3,1998.49,290,4,4,4,444
18189,78,2,1084.34,268,2,3,4,234
18190,192,2,274.51,331,1,3,2,132
18191,262,1,207.8,262,1,2,1,121
18192,72,1,957.97,72,2,2,4,224
18193,165,1,212.96,165,2,2,1,221
18194,82,1,896.0,82,2,2,3,223
18196,95,2,686.63,290,2,3,3,233
18198,4,17,5083.06,336,5,5,5,555
18200,106,1,150.35,106,2,2,1,221
18202,200,3,1396.99,311,1,4,4,144
18203,157,1,160.42,157,2,2,1,221
18204,71,3,1960.95,192,3,4,4,344
18205,36,2,517.36,75,3,3,3,333
18209,29,1,139.1,29,4,2,1,421
18210,2,6,2621.38,267,5,5,5,555
18211,26,5,600.07,279,4,4,3,443
18212,326,1,216.07,326,1,2,1,121
18213,237,1,232.48,237,1,2,1,121
18215,89,1,299.34,89,2,2,2,222
18216,31,1,481.75,31,4,2,3,423
18217,29,2,621.75,71,4,3,3,433
18218,211,2,606.22,282,1,3,3,133
18219,3,10,2019.77,369,5,5,5,555
18220,227,1,297.78,227,1,2,2,122
18221,22,5,1033.31,211,4,4,4,444
18222,93,1,443.0,93,2,2,2,222
18223,5,14,6315.23,358,5,5,5,555
18224,264,1,158.95,264,1,2,1,121
18225,3,12,5356.86,365,5,5,5,555
18226,44,11,5192.1,338,3,5,5,355
18227,218,1,93.75,218,1,2,1,121
18228,57,2,769.2,80,3,3,3,333
18229,12,20,7276.9,373,5,5,5,555
18230,9,7,2716.6,302,5,5,5,555
18231,192,5,2054.67,289,1,4,5,145
18232,82,4,582.47,197,2,4,3,243
18233,326,1,440.0,326,1,2,2,122
18235,72,3,1796.48,217,2,4,4,244
18236,30,6,882.24,241,4,5,3,453
18237,3,5,987.1,134,5,4,4,544
18239,219,5,1561.61,372,1,4,4,144
18240,46,1,422.58,46,3,2,2,322
18241,10,17,2058.09,218,5,5,5,555
18242,72,4,2232.49,214,2,4,5,245
18245,7,7,2507.56,355,5,5,5,555
18246,24,2,596.1,233,4,3,3,433
18248,123,2,783.02,186,2,3,3,233
18249,17,1,95.34,17,4,2,1,421
18250,310,1,342.92,310,1,2,2,122
18251,87,1,4314.72,87,2,2,5,225
18252,51,2,518.27,172,3,3,3,333
18255,89,1,103.3,89,2,2,1,221
18257,39,8,2265.38,296,3,5,5,355
18259,25,3,2338.6,366,4,4,5,445
18260,173,6,2580.15,358,2,5,5,255
18261,43,2,324.24,96,3,3,2,332
18262,140,1,149.48,140,2,2,1,221
18263,26,3,1211.08,253,4,4,4,444
18265,72,2,801.51,158,2,3,3,233
18269,366,1,138.9,366,1,2,1,121
18270,38,2,238.95,267,3,3,1,331
18272,3,6,3064.78,247,5,5,5,555
18273,2,3,204.0,258,5,4,1,541
18276,44,1,323.36,44,3,2,2,322
18277,58,1,97.63,58,3,2,1,321
18278,74,1,173.9,74,2,2,1,221
18280,278,1,180.6,278,1,2,1,121
18281,181,1,80.82,181,1,2,1,121
18282,8,2,176.6,126,5,3,1,531
18283,4,16,2045.53,337,5,5,5,555
18287,43,3,1837.28,202,3,4,4,344
